sample_id,num_0,num_1,num_2,num_3,num_4,cat_0,cat_1,cat_2,label
sample_42_00000,0.30471707975443135,-1.0399841062404955,0.7504511958064572,0.9405647163912139,-1.9510351886538364,0,0,0,1
sample_42_00001,-1.302179506862318,0.12784040316728537,-0.3162425923435822,-0.016801157504288795,-0.85304392757358,1,0,2,0
sample_42_00002,0.8793979748628286,0.7777919354289483,0.06603069756121605,1.1272412069680329,0.4675093422520456,0,2,1,1
sample_42_00003,-0.8592924628832382,0.36875078408249884,-0.9588826008289989,0.8784503013072725,-0.049925910986252896,2,2,3,1
sample_42_00004,-0.18486236354526056,-0.6809295444039414,1.2225413386740303,-0.15452948206880215,-0.4283278221631072,1,1,2,0
sample_42_00005,-0.3521335504882296,0.5323091855533487,0.36544406436407834,0.4127326115959884,0.43082100300788273,2,1,2,0
sample_42_00006,2.1416476008704612,-0.4064150163846156,-0.5122427290715373,-0.8137727282478777,0.6159794225754956,1,1,1,1
sample_42_00007,1.1289722927208916,-0.11394745765487507,-0.840156476962528,-0.8244812156912396,0.6505927878247011,3,2,0,1
sample_42_00008,0.7432541712034423,0.543154268305195,-0.6655097072886943,0.23216132306671977,0.11668580914072822,3,2,0,1
sample_42_00009,0.21868859672901295,0.8714287779481898,0.22359554877468227,0.6789135630718949,0.06757906948889146,2,2,3,0
sample_42_00010,0.28911939868998415,0.6312882258385404,-1.4571558198556664,-0.31967121635730134,-0.4703726542927955,1,2,1,1
sample_42_00011,-0.6388778482433419,-0.27514225122668373,1.4949413112343959,-0.8658311156932432,0.9682783545914808,1,2,3,0
sample_42_00012,-1.6828697716158048,-0.33488502998577485,0.1627530651050056,0.5862223313592781,0.711226579792855,3,3,2,0
sample_42_00013,0.7933472351999252,-0.3487250722484376,-0.46235179266456716,0.8579758812571538,-0.1913043248816149,2,1,3,1
sample_42_00014,-1.2756863233379219,-1.1332872140034806,-0.9194522860016113,0.49716074405376404,0.14242573607056525,1,1,3,0
sample_42_00015,0.6904853540677682,-0.42725264633653426,0.15853969107671423,0.6255903939673367,-0.3093465397202384,2,1,3,1
sample_42_00016,0.45677523755741145,-0.6619259410666513,-0.3630538465650718,-0.3817378939983291,-1.1958396455890397,3,1,2,1
sample_42_00017,0.4869724807855818,-0.46940234020272387,0.01249411872768743,0.48074665890590895,0.4465311760299441,1,2,3,1
sample_42_00018,0.6653851089727862,-0.09848548450942361,-0.42329831204415375,-0.07971821090639905,-1.6873344339580298,2,3,2,1
sample_42_00019,-1.4471124724230873,-1.3226996123544024,-0.9972468276014818,0.3997742267234366,-0.9054790553600608,3,1,1,0
sample_42_00020,-0.3781625540393897,1.2992282977860654,-0.35626397106142593,0.7375155684670865,-0.933617680009877,1,3,2,1
sample_42_00021,-0.20543755786763002,-0.9500220549105812,-0.3390330759005625,0.8403081374573955,-1.7273204231923487,0,0,2,1
sample_42_00022,0.43442364354585733,0.2377356023322779,-0.5941499556967944,-1.4460578543884546,0.07212950771386951,3,1,2,1
sample_42_00023,-0.5294927090638024,0.23267621135470395,0.02185214552344288,1.6017788913209154,-0.23935562747302427,3,2,3,1
sample_42_00024,-1.023497492621865,0.17927563495631615,0.21999668397176517,1.3591875752404365,0.8351112459145785,2,2,3,0
sample_42_00025,0.35687105914950934,1.4633028912195618,-1.188763054322851,-0.6397515327497477,-0.9265759414055249,2,0,1,1
sample_42_00026,-0.38980980315576796,-1.3766861475563088,0.6351509468144043,-0.22222269709877338,-1.4708062945026579,0,2,0,0
sample_42_00027,-1.0155790812075416,0.3135138474501953,0.8381265678943811,1.9967308916917865,2.9138624660073296,2,1,0,0
sample_42_00028,0.4144094332759964,-0.9895381200318641,-2.132046280731309,0.2677114623438358,-0.812941095310326,0,2,0,1
sample_42_00029,-0.41535726017968533,-0.6120967990598081,-0.14079088641638526,1.0659802307876436,0.15704856744534462,3,3,2,1
sample_42_00030,-0.1586348370386883,-1.0356537528258116,-1.674682944704357,-0.4863079090733309,-0.05378255081832049,0,3,2,1
sample_42_00031,1.767929913579883,0.13027452147288585,0.9827395110230576,-0.49929559853915206,-1.1849437664170246,1,0,2,1
sample_42_00032,-0.9651167622323719,-0.7252260645357532,2.1284697324351645,-0.8213866792243861,0.838489203736345,3,0,0,0
sample_42_00033,-0.9029271780870264,0.9315730128742441,0.38495096610586316,-0.1566378976580904,-0.040762526135434025,1,2,1,0
sample_42_00034,-0.6547876954293904,0.44607220148208054,-0.45498348034078,-1.2256057637672482,-1.2779375743196193,1,1,0,0
sample_42_00035,0.17258791772211948,1.579091256410435,0.15999161357343825,-0.11863832610988256,0.2858261396025429,0,0,2,1
sample_42_00036,1.3060017417068248,0.21938250136385634,-0.41092723083373717,1.1062887100598888,0.4287564384616135,3,1,0,1
sample_42_00037,1.535755991995992,0.18323443722190613,-1.2244690317205003,-1.368159199245665,1.6509279322312496,1,3,0,1
sample_42_00038,1.723665720783297,-0.17951921328260065,-0.38318732113598775,1.4614442922422022,-1.107045682043488,1,2,1,1
sample_42_00039,-0.8947270189558264,0.6433267946890444,-0.3946051228595896,-0.005121866720071296,-0.16344289852451258,1,1,1,1
sample_42_00040,0.33757454879893356,1.4074818613137168,0.09058490690174555,0.6439387932768579,-2.0501721010310225,2,2,0,1
sample_42_00041,-0.04871840193011795,-0.8432302702928711,-1.218813060423628,-0.8781523669287508,-0.33412344070081207,0,1,3,1
sample_42_00042,0.9159025423560131,-1.326392717739564,0.030631492594417446,-0.4841694333335785,-0.32767309436196085,0,0,2,1
sample_42_00043,1.0027578253046041,0.5381154370039261,1.3373981074427437,-0.15450567924990047,-0.695942611670703,1,0,0,1
sample_42_00044,-0.22385881688049952,0.2424967912712216,0.17657335845371103,-1.0843880722333665,0.09048978162787422,2,2,2,0
sample_42_00045,0.22822833013890514,2.5174740375339204,1.8768446112816701,-0.8532433505588201,-0.2873833615491761,1,2,3,0
sample_42_00046,-1.4634420018370031,-0.5907070139634865,0.3156050035903405,1.2058536208882336,-0.7290838377436085,1,1,0,0
sample_42_00047,-0.6541464400677965,-2.147289029738655,-0.16266592054490767,-1.062414411859563,-0.5294394273660737,2,0,0,0
sample_42_00048,-0.8768607781675882,-0.09426255425255699,-1.7577283913566313,-1.4670452453909906,2.129247112028298,2,0,3,0
sample_42_00049,-1.287422581274031,-1.0967855784546396,1.836913528321314,2.905067169240407,-1.1715666288253417,1,1,2,0
sample_42_00050,-0.36824895678803055,0.34155555094050954,1.7286976444055924,-0.9868570784282374,-0.24527784594210975,2,1,3,0
sample_42_00051,0.777337576061744,0.43476607446661863,-0.37615607123009925,-0.13382296451604114,-1.3748958083699818,3,0,2,1
sample_42_00052,-0.23817374397466523,-0.2663874900089551,0.23216988962625595,-0.555327218819016,0.471538522545139,1,3,1,0
sample_42_00053,1.0127158178198286,0.15542932766846604,0.35175640839920347,0.053155347577867364,8.439309141418043e-05,1,2,3,1
sample_42_00054,-0.7215580335428474,0.316494261673308,-0.09728659841348947,2.093168308930595,1.5733549024752425,0,2,1,1
sample_42_00055,0.3858465525565008,-0.7630572096947675,-1.112411471983418,1.191142953088865,0.2627492251471385,2,2,3,1
sample_42_00056,0.4801434033916108,-1.7445859869741926,0.9274384815581808,0.45442033821436295,-1.110430684414478,3,2,2,1
sample_42_00057,-0.47152480744994896,0.2637172043565196,0.05246679835624363,-0.292171185803555,-0.10348826806596086,3,0,2,1
sample_42_00058,-0.25197737820688537,0.15256251210246857,1.471491972993157,-2.5666584409312976,-0.23685026450968424,3,0,3,0
sample_42_00059,0.17651242137244696,0.2959939896870995,-0.37191458132128985,-1.7567217824785826,0.32799548371410964,2,1,1,1
sample_42_00060,1.727350214164185,-1.5338614049161376,0.8638280136981883,-0.3285252231228939,-0.0613243458288473,1,3,3,1
sample_42_00061,-1.052898510703949,-0.33445617235587666,1.3000445946989585,0.582655241987707,1.732311605409944,3,2,0,0
sample_42_00062,1.1774118889776937,0.4390866789295762,1.743934526167792,0.43899315873829875,0.8279881767970589,3,0,0,1
sample_42_00063,-0.29657095353470836,0.06654581585920483,-0.6974238233002769,0.989583934594853,-1.1783036231148656,0,3,1,1
sample_42_00064,0.7823503424176613,-0.19065105750515945,1.1712470934673194,0.7508689887312598,1.8206461576468016,0,0,1,1
sample_42_00065,0.7307746911386448,-1.5720402556532407,-0.06695317289820084,-1.172007192594816,-0.5182798423662747,2,3,2,1
sample_42_00066,1.5112284332767216,0.637533810897696,-0.6989304285787463,-1.013717366440399,0.03278209287626079,2,3,3,1
sample_42_00067,-1.2165601493811278,-0.6711402773965811,0.31200947155124387,1.1553120361066962,0.6087614722244398,1,3,2,0
sample_42_00068,-2.2912895085981,0.3043667290302598,0.07203357323257792,0.41389028537269307,1.6162096816512073,3,0,0,0
sample_42_00069,-2.063238276804743,-0.5911034251911056,0.5909063227933546,-1.5815943994539423,1.475949048053509,3,2,0,0
sample_42_00070,0.3683566127006584,0.846583985843404,-0.5709436615217945,0.8137636899662105,1.0684715559890383,3,0,2,1
sample_42_00071,0.23287802013716835,0.23440089269869593,0.2703432392817259,-0.8633452647393817,-0.14752868024035293,0,0,3,0
sample_42_00072,-0.1525225324523588,0.3833938643534951,0.9998242469102946,-1.0585360819784093,-0.12500903031957764,3,0,0,0
sample_42_00073,1.4814555476589732,-0.7435882288125641,-0.8222500172903203,0.20230619183119358,0.8443851904853201,2,0,2,1
sample_42_00074,0.01142605556065933,1.3289605904369892,0.8567939825665268,0.8418200668900618,0.5541165013240933,3,3,0,0
sample_42_00075,2.327653100346085,-0.2051616888660442,-2.003522292066514,1.604254361517141,-0.45769943095682564,0,2,0,1
sample_42_00076,0.10788044434303304,1.309550684860527,-1.6022595410589253,-1.2516472141061394,-1.6012779371188537,2,1,2,1
sample_42_00077,-0.7941362900254239,0.43963660601699356,0.524187842812771,0.27627417932855375,-1.4127658838923665,0,3,2,0
sample_42_00078,-2.310103436632644,0.054353585390382264,-0.47177603363833576,0.45938577171661177,0.7019536262212701,0,1,0,0
sample_42_00079,0.13824143205868192,0.7601330853758538,0.22921137411506842,0.5300647056014667,-0.7046732628698824,1,1,0,1
sample_42_00080,-0.17961141383145854,0.19677609665695725,0.8205284754174188,-0.3937411722245721,0.5211672557321126,2,2,0,0
sample_42_00081,-0.265838791915379,-0.11754216732813036,0.829519042024073,-1.993060371054156,-1.296472328074761,0,0,2,0
sample_42_00082,-1.4821853974428207,-2.3336161198483047,-0.6782644401551767,0.7494338997277404,-0.28488406638257474,1,0,0,0
sample_42_00083,0.19779008194185213,1.0892174967107926,1.3276861322676916,-0.06913793472613955,1.3535858895693973,3,1,2,0
sample_42_00084,0.09212665843410921,-0.8373982238274621,-0.5944003521987352,-1.4805365125650163,-0.8881338537336524,1,0,1,0
sample_42_00085,-0.35801668807442916,0.8035850193786016,1.7207698311659838,-1.38218151537704,0.39282746825991893,0,2,1,0
sample_42_00086,-1.0405439391575344,0.47469708846320197,-0.1310866506877266,-1.8309058258475304,0.9282969915684843,1,0,3,0
sample_42_00087,-0.605000712808731,-0.5339002383735546,-1.06975241128969,-0.6542832766875555,0.4278904406949172,0,2,3,0
sample_42_00088,-0.18924434093640552,0.32866200228248105,0.3619218539288437,1.320661655528167,-0.3427861508643793,2,2,3,1
sample_42_00089,-1.4768578168457318,1.067222416571983,-0.3314881720972547,1.114592444577377,0.3833771131824704,0,3,2,0
sample_42_00090,-0.13113753020334493,0.3487758940462951,1.9510125601262995,2.076980529053753,0.0693811351327787,1,1,2,1
sample_42_00091,0.1601905933170753,1.0762401574663856,-0.8456610327673472,0.3330703726182551,-0.0258628479538564,3,2,0,1
sample_42_00092,0.3139082114575536,-0.8333688059494058,-1.589567493308969,-2.0729834359912918,-1.1173841129896078,1,2,1,1
sample_42_00093,-0.458675284939333,-0.2931915866487618,1.9372311624295169,1.1059933699072981,-0.9620911163416273,3,2,0,0
sample_42_00094,0.34770845245095694,-0.4070782363503251,-0.28436383804009513,0.18532564941538202,0.6191711169753933,2,0,1,0
sample_42_00095,-0.33925848388401536,1.0638515327343585,-1.141938226142404,0.006339062362268442,2.5976737265958323,1,3,3,0
sample_42_00096,0.2230797426252751,1.4332145066061728,0.09152017817320818,0.5807770953297967,-0.056783194392691534,1,2,2,1
sample_42_00097,-0.17040758116420443,-0.7794823967254196,0.4303013589575532,-0.8515371891857679,0.6655852363134291,2,2,3,0
sample_42_00098,1.08528700444591,0.36653140723722993,-0.28624873355569186,0.4539655793086961,-0.3086730555464126,3,3,0,1
sample_42_00099,0.9355471254651493,-1.8314060842151236,-0.3356073681186462,-1.9908119951239978,-1.495060830227205,1,1,2,1
sample_42_00100,1.3638622298139094,0.895184981971686,-0.7194802332847904,-1.502503456040897,-2.964528837841651,2,2,1,1
sample_42_00101,-0.5434955079326346,2.4204150122474024,0.4348842714636474,-0.5595722860494895,0.46508020950030626,1,1,3,0
sample_42_00102,-1.5609583529944429,-0.29732336269763543,0.09947747301573849,-0.08610065182104851,0.7908061216900806,1,0,3,0
sample_42_00103,0.34464522623605237,0.668326018107997,-0.6883722822307594,0.8978154084105481,1.6289369476239914,0,2,3,1
sample_42_00104,-0.9701495196514126,-0.8876956557145598,1.3357843363202329,-0.19134398669506028,1.403821392066557,1,1,1,0
sample_42_00105,-0.4425357118921839,1.4550455762707113,0.13148581680545218,0.2582288233226952,1.5647180216699044,0,0,0,0
sample_42_00106,-0.36177047744417123,-0.9411220959249583,-0.44856420802835434,0.4523339506431387,-1.5657590721805144,1,2,0,1
sample_42_00107,0.6374709026511215,-0.5387713176177432,1.1478126607335635,-2.3942603049004716,-0.7865657751041687,3,2,0,0
sample_42_00108,-1.686468151234102,-0.8262294663639526,0.24766590110894313,-0.1792266254497549,-0.25337756894801494,3,0,2,0
sample_42_00109,-0.1591848713800608,0.20338824061994343,-1.0085360419431078,0.7068496408990508,0.6626659703854839,1,2,3,1
sample_42_00110,0.385037937656101,0.5565334427512632,0.2964180008086595,2.0350733027310675,-0.0870941710525099,3,1,2,1
sample_42_00111,-0.30708321833457675,-0.7535275803573779,-1.0322626705778368,-1.2444717876010754,-0.8887973132309185,3,2,3,0
sample_42_00112,-0.07068038165207131,0.3342951284977145,0.051142058552161786,-0.765535277429713,0.9001845640199633,1,1,2,0
sample_42_00113,0.7394126723009475,-0.159648307422017,-0.652916144664712,0.5484279208297995,0.18797358748610446,3,3,2,1
sample_42_00114,-1.4481272594150476,-0.0679802559844049,0.26203581207438104,-0.8996947864877538,0.189843392837443,2,2,1,0
sample_42_00115,-1.4548224852577891,1.3361861000121709,1.2479499850594318,-0.25251733430296475,0.36345433783907316,1,1,3,0
sample_42_00116,-2.409921965799875,-1.1563476602653329,-0.2937789201521298,-1.0721330214268592,0.7143964826306588,2,3,0,0
sample_42_00117,1.997296530747994,-1.176614719429302,-0.8374634040851927,0.23544836830993032,1.6111161484996208,3,2,3,1
sample_42_00118,-1.2223743125399031,0.24903612230694197,1.8212988508131087,-1.6517591481792673,-1.281069206845832,1,1,0,0
sample_42_00119,-0.42360660646083825,-0.520588412855411,0.8126012877536446,0.24165971982083806,-1.7749620596421283,3,2,3,0
sample_42_00120,0.5154104029008109,-0.5775388873556505,1.274447216941239,-0.6275875364369197,-0.6366152831022357,0,0,3,0
sample_42_00121,0.5411316108045314,0.7629264823369366,0.4480993639362036,-1.6855973173848082,0.5380344399282511,0,2,1,0
sample_42_00122,-1.034308051674399,0.2352761115882635,-1.4237344353990602,0.44632214754306365,-0.8065989043073726,3,3,3,1
sample_42_00123,-1.2826346502605217,0.7138201364823995,0.2416445216767513,-0.6139768013928971,1.4511788490210642,1,2,2,0
sample_42_00124,-0.44065242156974244,0.03210767397093466,0.2689134476786009,-0.6196659341286136,0.47113629339992935,3,0,3,0
sample_42_00125,-0.5334523471647244,-0.4116383222162092,1.362642639803341,-1.040586052512433,-2.41278033092949,1,0,2,0
sample_42_00126,1.6109369950118944,2.549327952607003,-0.40526926544933184,-1.9368380406201853,-0.31048397619594376,3,0,0,1
sample_42_00127,-0.2862229498406692,-0.18992384102225704,-1.1133880419218483,0.5795611424764774,0.5245073752860862,3,3,0,1
sample_42_00128,-1.4944056198193065,0.6991967316948878,2.052684981945891,0.17196033243705985,-0.33732516206850605,3,3,3,0
sample_42_00129,-0.1420032144075213,0.6152567669685612,-1.7306716055072182,0.16439070297730224,-0.3904639494628101,0,2,3,1
sample_42_00130,1.8478250129560454,-0.17417273380495787,1.6678876111195198,-1.1037406977820072,0.5872591668027922,3,2,0,1
sample_42_00131,0.3194002637912288,-0.8690472478647824,0.17739611463694044,1.2125188368316004,-0.3237917042866007,0,1,0,1
sample_42_00132,-1.6919626491697632,-0.01756282647744591,-0.9024230947925126,-0.3423409386638824,-0.08158776968512098,0,0,3,0
sample_42_00133,-1.7056522160155172,-1.615658339320678,0.48206683552552526,-0.5227186961696804,-2.564744341820567,2,2,3,0
sample_42_00134,0.7848440366081351,0.27236975527423984,-0.713874824036484,-1.3168302110582415,0.8358078963143372,1,1,0,1
sample_42_00135,0.3493506225604296,2.3826022826840734,0.42018859872493736,0.3877031412620148,-0.16692793010856513,1,0,2,1
sample_42_00136,0.816775867200791,0.6250852012481537,1.251725008565195,-0.5213229186372847,-0.4354074729439623,3,2,1,0
sample_42_00137,-0.4791031709119801,0.7908017211789892,1.498374440296732,-0.45884049314930064,-0.42477372779309125,2,3,1,0
sample_42_00138,0.3140772238697992,-0.24576150001290142,0.95205365313989,-2.2517772906190467,-0.8267050469168946,1,2,0,0
sample_42_00139,-0.7824163339614458,-2.320356012386145,-0.9636384443688041,-0.9151561158459262,-0.20110465451883033,3,1,1,1
sample_42_00140,1.1129658916602636,-0.24506065119070236,-1.0308137202711538,-0.056954541213528984,1.0491736214413494,2,0,0,1
sample_42_00141,-0.9759588161149049,-0.9105748839214486,0.5585489592742234,-0.22153611573080054,0.6474846907094743,0,1,2,0
sample_42_00142,-0.013646791795296761,0.701663648089567,-1.0350781140406409,-0.01208465078826744,-0.21069001436315682,0,1,3,0
sample_42_00143,-1.2158909241041307,-1.5634779478686884,0.6857490352746618,-0.3509523822179781,-1.0222802816473295,3,0,2,0
sample_42_00144,-0.09617893692333225,1.1280188573493026,-2.280737845371923,-1.4966386899033264,-0.9228864418952676,0,2,3,1
sample_42_00145,1.461178866720329,0.2825869829192965,0.7673172404612268,-1.1401609191262305,-1.1195358752705262,3,0,1,1
sample_42_00146,0.4478137167227104,0.05827433093544655,0.5487388188641266,-0.18767099092845213,0.278143726454627,3,3,1,0
sample_42_00147,0.15811908490510918,0.7777673890849254,0.8070082819444706,-1.6198719943917699,-2.2472685553408556,0,1,2,0
sample_42_00148,1.0017453976515072,1.1877250932619365,-1.0206230195133374,-1.8598354065456286,0.09903482100720092,1,3,3,1
sample_42_00149,0.9308382263505294,1.7975945224343146,0.516297572101451,-0.37171669658569495,-0.8931306215848627,3,0,3,1
sample_42_00150,0.011451291670654416,-0.2992647038852564,-1.0150679057288161,2.0487556508632867,1.785168402072131,3,1,2,1
sample_42_00151,1.1360486835554284,-0.9208503978091276,0.8550193242972788,0.6396264094979018,0.44254562420405297,3,3,2,1
sample_42_00152,1.2496652670437771,0.6353711428612774,0.7400142363043355,0.6369062833722101,0.3407914080021059,0,2,2,1
sample_42_00153,-1.7836111297141835,0.08362107741055723,-0.5561919588491252,-1.2798409576400205,1.681816619300824,0,3,0,0
sample_42_00154,1.7289953408857035,1.359220600295612,0.2552134168558746,1.3506251209526567,0.012053180601825543,3,2,1,1
sample_42_00155,0.20279727689777938,-1.093471370461983,0.39699130449884,0.0603859284244171,-1.3026521168344645,0,0,2,1
sample_42_00156,-0.051197111816596905,-0.07972956385680847,1.79756116664464,0.8942133285134095,0.011445439091466015,1,3,0,0
sample_42_00157,0.248787309801083,0.044212378104198057,-0.20291398479554773,-1.0824271973882869,-0.15105187760692926,3,3,0,1
sample_42_00158,-0.7460982566525134,-1.2503155389231464,0.5112218145475347,0.39126465993323495,-1.786707511368078,2,3,1,0
sample_42_00159,-0.12268463749512722,0.9957013858999235,1.0592237388963208,1.0258368428852387,0.0389132069014598,0,3,1,0
sample_42_00160,-0.8450453279691511,-1.0836988273580606,0.3446049047503575,0.379280034365163,1.2873311116050654,0,3,2,0
sample_42_00161,1.0999796503420836,-0.1322286565311721,-1.2442058788608694,-0.31910659701089783,0.21723119481052466,0,1,0,1
sample_42_00162,-0.2020832453894041,-0.5778941080776558,0.2528848149698989,-0.5039577414106104,-0.628066083725374,3,0,3,1
sample_42_00163,0.31145283430343956,-0.4019925801292048,0.24410438897835213,0.2732040228521227,-1.1394290010915746,2,2,3,0
sample_42_00164,-0.4812411238654122,1.4377769399164624,-1.1620795127342871,-2.116654448970531,-1.8618451532425115,3,0,0,0
sample_42_00165,0.029109946576669203,0.03091727803269891,-0.11761085542512094,1.2141898289285016,-2.672834433102938,0,2,2,1
sample_42_00166,0.3959338744308236,1.5614382018035733,-1.127780764891714,-0.3798065117898951,-0.7528919172286209,0,0,2,1
sample_42_00167,-0.8943460460775288,-0.32626200502304,1.4274852836845047,1.8373866754875203,-0.3359392250401477,2,1,3,0
sample_42_00168,1.9050602140644701,0.035576476984624864,1.753691026701081,-0.09329864965349177,0.1310578260461443,3,3,1,1
sample_42_00169,0.36547447264283456,3.1788536793675353,0.8512855748447891,-0.7072645299514636,0.9689978702758579,3,2,2,0
sample_42_00170,-0.3618325370843415,-0.48975018290120914,0.9086013598921112,0.031085587771152785,0.2785759145118061,1,3,2,0
sample_42_00171,0.013985221865292462,0.3365831266054347,0.4249658974361492,-1.9369669327054153,0.6665726686095336,0,3,0,0
sample_42_00172,-0.9820194198303006,-1.4422991355594112,-0.05841124385868244,0.08398100331445427,-0.6935061645722808,2,2,2,0
sample_42_00173,0.8310318576679744,-1.342175166370907,-0.40694374877255896,-0.5848741349330007,-0.04658727033933937,0,1,3,1
sample_42_00174,0.2788642846472388,-1.0078929496235447,0.7242826774562282,0.06300236833469973,-1.8919462533119105,0,2,3,0
sample_42_00175,-1.958591440397031,-0.012319292929311235,-0.2209673177863541,-0.1034201135746335,-0.02798245653021798,3,2,1,0
sample_42_00176,0.22555983951018072,0.9476496098482997,-1.1111049009175582,-1.1719715929007948,-1.0933238578873825,2,1,2,1
sample_42_00177,0.2889166671687069,1.2449473786464456,-0.4313394382395105,-2.5016998441596545,-1.7039928626103755,2,2,0,0
sample_42_00178,-0.8330367227960116,-0.5577288874952148,-0.4083886272547264,0.038581122980917065,-0.3117463308224471,3,2,3,0
sample_42_00179,1.0493396105434072,-0.6760173056813688,-0.862317959475543,0.4788755385204616,-1.5356420699261193,2,3,3,1
sample_42_00180,0.3896917053200022,0.10255318372626686,-0.1474424899181674,1.5882761071492624,-0.6222074452947179,3,2,2,1
sample_42_00181,2.0602981705240784,-0.2254314492280993,-1.2770164449702281,0.0699195809948253,-1.0762452003187681,0,1,1,1
sample_42_00182,-0.7517558478135002,0.39703330001549114,0.5555820886501248,-0.6221677002542582,0.9874051450464006,3,2,1,0
sample_42_00183,1.157507758021134,1.436301756563291,0.5294134071257222,1.3634287120856987,-1.8807984279740577,0,2,1,1
sample_42_00184,-0.31790654862846257,-0.8670052563234263,0.11922586112739209,-0.5714492191967373,-0.16615784194973238,0,1,3,0
sample_42_00185,1.8821748802040494,-0.1697197964203783,0.4137923171902139,-0.2322693299242352,0.07571328795683367,0,1,2,1
sample_42_00186,0.006016680436071459,0.4483240659731595,1.165307535547177,1.6473939976033294,0.30962008190916684,0,0,3,0
sample_42_00187,0.5895468860356021,-1.150864509185567,-0.08787674241562057,0.940289464883589,0.8659686384171532,2,0,0,1
sample_42_00188,0.21160973279505021,0.8863939595679524,0.49076670899381886,1.2003062582593216,0.2893591569571111,1,2,2,1
sample_42_00189,-0.35569831557103465,0.33584125693302364,-2.9305943758527757,0.38288573638504947,-3.6484128252147836,0,2,3,1
sample_42_00190,-1.723463407405418,0.45176860094098414,0.47752933726679525,-1.1624287801399305,-0.7121020418789388,0,0,3,0
sample_42_00191,1.370540988614132,-0.48403013157267616,2.242920312402985,-0.001919853176346149,0.4080361768812668,2,3,1,0
sample_42_00192,1.6168743984986076,0.13102711619341956,-1.0023439806908012,-0.10972745169429012,-0.03561073619009093,1,0,0,1
sample_42_00193,-1.3647416522015654,-0.25583207134082336,-0.7421920939974367,0.9243577571874341,0.03461187418525562,1,0,3,1
sample_42_00194,-0.28279574914757005,-0.10618193062257626,0.22312201840616613,0.6168141996897798,-0.9997122286693814,2,3,2,0
sample_42_00195,-1.0415876326212719,1.10467921540253,-0.4123368722047306,-1.416842092596874,0.44381270938310463,1,2,0,0
sample_42_00196,0.4633698060326869,-1.5307152572567064,0.2294817154636063,0.7355830924283736,0.37438645170626306,3,2,0,1
sample_42_00197,0.6319814837613953,-1.404269098090749,0.3310401549961956,-0.30261975947044656,-0.4827901587246448,2,2,0,1
sample_42_00198,0.8705556094197265,1.47927451067423,1.794370054600359,1.314807871505905,-0.10973418163018368,0,3,1,1
sample_42_00199,0.35272016302634307,0.7668228717842437,0.12117794929946196,0.13076418791154437,0.823753131876182,2,0,2,1
sample_42_00200,-0.059282646025932216,-0.7292869363736615,-0.4144730658358585,0.6339103777337424,0.002993291199955732,0,1,2,1
sample_42_00201,0.34020997686833787,0.6700792422021898,-0.3748414628976096,0.7562481636298061,0.37884260345839443,1,2,0,1
sample_42_00202,-1.2348130869114786,1.4423047911862443,-0.5007447437569161,-1.6550953431851838,-1.0450437095863023,1,3,1,0
sample_42_00203,-1.021045160678322,0.05217331865753347,-0.2738505055462372,-0.33683196764059287,0.6197019654824789,0,3,3,0
sample_42_00204,0.3398753611927038,0.31604787064428624,0.40982845732869266,0.6161346680022383,-2.107953341777443,2,3,3,0
sample_42_00205,-0.3644382522644612,-2.180210064489474,0.03605992679779541,-0.00463297222434532,1.0455322747896802,2,2,0,0
sample_42_00206,1.1876343927211208,0.20277504825236733,-0.5003610773968998,0.48516111254573785,-0.5279176373243135,2,1,3,1
sample_42_00207,-0.001392651443348899,0.9861363169607678,-0.5577713459894236,0.8056786392425009,0.6774013686923024,1,3,2,1
sample_42_00208,-0.9547918171308215,0.973894128217401,0.6985663453715051,0.10192588737265744,-0.7623234580276522,2,3,1,0
sample_42_00209,-0.85920601857557,-0.5376625769030224,0.54259446329196,-0.9556251674013979,0.4375122486198699,1,1,3,0
sample_42_00210,-1.2417555288783926,-0.20406858443884895,0.10964775457400863,2.4451301450589167,-1.3773156555203674,3,0,1,1
sample_42_00211,1.4720145664901334,0.14984241398728004,0.41117191801596314,0.11834791338820451,0.444726818195233,1,2,0,1
sample_42_00212,-0.15368510436201774,1.4540501814574582,-0.4564711442247224,1.1322345721792477,-0.6443671202130229,2,2,0,1
sample_42_00213,-0.06025184640128695,-1.0719625522902192,0.4550237203475199,1.4451259569265338,-0.07735617982085408,0,2,1,1
sample_42_00214,-0.19688569870390954,-1.1146169630679268,-0.2292926535523081,-1.5927942597215277,-0.9128779867188273,3,3,3,0
sample_42_00215,0.22678604610913541,1.3190131977413961,2.809210861229503,-0.5865850850709007,1.43530015664544,2,3,0,0
sample_42_00216,0.2437524804016479,-0.15124764674637586,0.4325944517261522,0.06191648367995918,0.11039572561221853,1,0,2,1
sample_42_00217,-0.4083331628266692,-1.3981096597988507,-1.5436252025220816,0.653244883281227,-0.2767000900857134,2,1,1,1
sample_42_00218,-0.5960888996561666,0.008505626723153567,0.7949322529156275,0.1803639430263982,-0.6560549366409674,2,0,2,0
sample_42_00219,1.2262929556489497,1.579185502981632,0.4945566553228533,0.9736635113440901,1.241959996813811,2,0,0,1
sample_42_00220,1.1300993164045137,0.6140991771126236,0.5983470470748828,0.5196605733465026,-1.0973376745470436,1,2,1,1
sample_42_00221,0.7007231568595857,-1.355813971126554,-0.7945994551250549,1.3035650678080875,0.8402201626941975,1,2,0,1
sample_42_00222,1.4873982896858626,-0.27167438368729224,-1.1522488412767675,-0.24043719707034283,0.1020312972405742,2,0,0,1
sample_42_00223,0.07898871634000969,1.1336804787567016,-0.36127042500344553,0.35203447180292424,-0.9886271494346061,0,1,0,1
sample_42_00224,0.450317278043813,0.003108550185636745,-0.7498133382845175,-0.2358293621748528,-0.18417574651522164,3,1,3,1
sample_42_00225,-0.2701551293370962,1.7713412422676835,-0.09844600230787963,-0.24389611017733773,-2.0974509576101417,3,3,3,0
sample_42_00226,-0.8942073519794773,-0.26307342445635284,-0.6858526761766428,1.381707593377797,-0.16493777539621862,0,1,2,1
sample_42_00227,1.2884442493182524,0.061704634050368024,0.037227836421576635,-0.08879644771250095,0.0037962516214591325,2,0,2,1
sample_42_00228,1.7187950030498593,-2.3196107267512183,-2.001545744438679,-0.5431708310561139,0.014527881937568883,3,3,1,1
sample_42_00229,0.6901044247640123,0.4730871980274752,-0.3842459128805702,1.0190436932417624,1.030195403152731,0,1,1,1
sample_42_00230,0.18405783127156553,0.9626575724868413,0.2726452634321288,-0.5614830267828836,0.6978168390000047,1,1,1,0
sample_42_00231,0.11061312257867771,0.001339846754486929,1.4729535721895743,-2.4508721285400865,-1.4176841701595697,0,1,1,0
sample_42_00232,-1.18707042637437,-0.3632606475688056,-0.2546081697660301,-1.5073256477730475,-0.9851580323108263,0,3,2,0
sample_42_00233,-0.8608416785235702,2.457424092075892,1.8017419477471466,-0.4117494176846493,-0.3635832903067989,3,2,0,0
sample_42_00234,-1.1492039971882941,-1.9081304132252668,-0.11688018640852403,-0.9978519832440257,-0.08485053166200977,3,1,2,0
sample_42_00235,-1.6002058490434774,-0.7619744583102578,0.14862709530283086,0.3662095977839374,0.41747195874201454,1,1,1,0
sample_42_00236,-1.3204889841570373,0.8546857301355617,-0.8002116966018503,0.6328579146073064,-0.010638676618193147,1,2,2,0
sample_42_00237,-1.3763874990779479,-0.31619770458118795,0.3653637420637676,0.612965380474599,-0.14098789744441861,0,0,3,0
sample_42_00238,1.5317788906010528,1.007510770986559,-0.25665411639975283,0.7501218121369445,1.9337934851881868,2,3,2,1
sample_42_00239,1.960484600783027,-1.2279998808224974,-0.9265331111571506,1.484918786733851,-1.0582810508376372,2,3,2,1
sample_42_00240,-1.322541133291679,-0.4861941306990469,0.42022670947458574,-0.10239670661109637,-0.6505636204055921,1,2,0,0
sample_42_00241,-0.674212461724509,-0.7123370644127087,-0.8795096286589426,2.2816328772760617,0.2975110711855549,1,2,0,1
sample_42_00242,0.8867590544047386,-0.4890774681189237,-0.18595667718604886,-0.713553981370355,-2.651708334919202,2,2,1,1
sample_42_00243,-1.3780092768478662,-1.8106186799803947,-2.2497837779516074,-1.1953589742981028,1.3249556793816308,0,2,3,0
sample_42_00244,-0.04443616770435442,1.290563762321174,0.4109825769008753,0.7825588257151592,-0.9008969953045751,2,1,2,1
sample_42_00245,0.5239509541926708,0.7287142340743459,-0.5766472922336929,0.5595403706161663,0.5661877585748329,1,1,1,1
sample_42_00246,-0.5495526211300829,-1.122768432270995,-1.1841283318982723,0.08650554192146179,0.3270098687893148,0,3,2,0
sample_42_00247,-0.7925258304579145,0.02658534132609864,0.5705370361384854,0.6181907146653008,1.5518801201224885,0,3,0,1
sample_42_00248,1.2769808321980434,-1.001291432756544,1.6835862095380225,-0.5309765045557148,1.0448728124544275,2,0,1,1
sample_42_00249,0.06798662605108885,-0.4121493784569676,-1.8076968597749328,-0.1715645102163482,-1.559383235305609,2,3,3,1
sample_42_00250,0.9672992358427723,1.516792657139248,-0.7969109892966902,0.30197074251927114,-0.7253915220079754,3,0,0,1
sample_42_00251,-0.6284847301367896,0.7744947038653713,-0.03853826184341251,1.7396480419310116,-0.482232478702921,3,3,1,1
sample_42_00252,0.9993363324744892,0.09741341295778198,0.7957780097442332,-0.4471576573299467,-0.04955883755158271,0,2,0,1
sample_42_00253,-0.11549887929893475,-0.8360571148457872,0.6620815345817527,0.6502490055783642,0.5935546949055667,0,3,1,0
sample_42_00254,1.5369656539176446,1.4493448012363035,-0.37494468984913537,0.37305231843417824,-0.6236006892582127,0,2,1,1
sample_42_00255,0.023355316114555456,-0.5997494491188647,1.620070309136051,0.3636981503429628,-0.21802912810442213,2,3,0,0
sample_42_00256,1.193618571856377,-2.1706154097954116,-2.0141025948652898,0.7958386552197739,0.06046844811736806,2,3,1,1
sample_42_00257,0.25044630026076065,-1.3263961033185487,-0.023233710850366202,2.003509410401342,0.8241996197958629,3,1,1,1
sample_42_00258,0.1697065451428121,-0.43905391010493766,-0.39457285186939384,-2.1291978892000176,0.2576404209211606,3,2,3,0
sample_42_00259,0.8454831084818539,-1.5756193271706151,-0.661416892306816,-1.157464632233422,-0.9653511948087635,3,2,0,1
sample_42_00260,0.05348162682190022,-2.0844021549884744,0.614270438357064,0.7538550699336822,-0.2511025880369125,1,3,2,1
sample_42_00261,-2.4807085099845416,-0.9964186260023896,1.2329019341026966,-2.7779942807285725,-0.34752341219351923,1,1,3,0
sample_42_00262,-1.180000778467259,0.8045703015848366,-0.6751139521434614,0.40395402073561154,0.5654604191690931,0,0,3,0
sample_42_00263,1.83622583973002,-0.20294194367537022,0.37604436962261134,-1.485055479127436,1.190413563293744,1,3,2,1
sample_42_00264,-0.7605088480713647,-0.5607541640877456,-0.022247794849210738,-1.5628843453398495,0.228770028928938,3,2,3,0
sample_42_00265,0.9674662729250108,0.2929338234972916,-1.588897564178725,-0.12380929432965958,0.7420289029794906,3,0,3,1
sample_42_00266,-1.8779887659659078,-1.074766013817714,0.87654360408152,0.27009543419728654,0.41197158212675383,2,0,0,0
sample_42_00267,1.8594948076233115,0.4685527785062026,0.6578880104331793,2.710745527218326,-0.2138045580904907,1,0,1,1
sample_42_00268,-0.7978827636184951,0.4277963982471327,0.4389910293888949,-0.5267153919462082,-1.0323970195548475,3,1,0,0
sample_42_00269,2.309844422090078,0.3268434703880229,-0.7322853814020757,0.9159303022795986,-0.1091451515613345,1,0,3,1
sample_42_00270,-0.25288144631783127,0.5622728719144933,-1.29188226823169,0.3526272039171724,1.9129548077317522,0,3,1,1
sample_42_00271,0.46617766219731077,-0.3762121037834645,-0.507105280428242,-0.41033997334510935,-0.25396267804778105,0,2,1,1
sample_42_00272,-0.377806532758272,0.9163114410745667,-1.7332091032089831,0.862000050412134,-0.3796865251425611,3,2,3,1
sample_42_00273,0.37694778569537224,-1.1269879102008638,1.328631066849436,1.245634960171873,0.9595905257500736,1,0,0,1
sample_42_00274,-1.5147547757935393,0.8291210710660528,0.4048550876357089,-1.6052712471325676,-0.02429738377081549,1,1,3,0
sample_42_00275,0.3645344890332625,0.5560752738231508,0.17726136694885572,0.2912314168473797,1.4736113922530956,1,3,0,1
sample_42_00276,1.2260339099106798,-2.8670549537827434,-0.317438554837682,-0.16465102754395128,-1.7520985727269711,1,3,0,1
sample_42_00277,0.09418305823231217,1.2487577724105066,-1.0865678595905903,0.3364009386898723,-0.9158234772964378,1,3,2,1
sample_42_00278,-0.6719120236796768,1.477393634170035,-0.542557820111825,0.46221248901062467,-1.871218116060987,3,2,3,1
sample_42_00279,1.8623175613948801,0.602652446306499,-0.18249984265026167,0.5755465099998948,-1.4098194289478103,3,3,0,1
sample_42_00280,1.1825307417526572,-0.3239847754964302,-0.2040695150484347,-0.49165561496548443,-0.5806514027455847,2,0,0,1
sample_42_00281,0.6946706116284086,0.25590685010422287,0.6517481414030399,-0.008794689485571452,0.513199811077181,1,2,1,0
sample_42_00282,-0.41884874392503835,2.2297318414095484,-1.5679304164304986,1.2609373235629844,1.3679074507209708,3,1,2,1
sample_42_00283,-0.8521588059655938,2.2292736105559734,0.9954902829453182,0.9711390068229115,0.028022187025876687,3,3,0,0
sample_42_00284,-0.21722615821867644,-0.20940882703960811,0.3905305963195172,1.4011862750338961,0.1813142178614196,2,0,2,0
sample_42_00285,-0.9114436231372903,0.8244270623849798,0.9211507463947922,0.6546595284477861,0.7454989065249826,1,3,3,0
sample_42_00286,-0.2709281301578081,-0.9289891671305796,-0.8681934306407798,-1.635463248457858,0.23694861154594976,3,3,1,0
sample_42_00287,-0.08344878322659362,-0.43998770452970876,-2.95561882434507,-1.247317469694169,1.1208406514031668,2,0,2,1
sample_42_00288,-0.664626000063131,0.3605916776568414,-1.3906854299752562,1.4387054823592311,-0.1440276600546764,0,2,3,1
sample_42_00289,0.2900403964835352,2.325779791881685,1.5164401005894037,-0.3065656212870578,-0.5932201848703592,2,3,0,0
sample_42_00290,-0.3255450115195318,0.5098982484765356,-0.10522413425087113,-0.39524414500347166,1.4671812507090423,3,2,2,0
sample_42_00291,-0.11420989177783689,2.2995890930373193,0.09074256375217302,1.7853183942247275,0.3573194227106268,3,2,1,1
sample_42_00292,0.9629605732494478,-0.7246110515177244,-0.8537592225874118,0.4597059550149875,0.9885532424653152,2,2,3,1
sample_42_00293,0.040256502000462865,-1.2863933350836971,-1.360258366289327,-1.4271364021862412,-1.767622112939381,1,2,2,0
sample_42_00294,0.10948535944708751,1.1250439217080253,-0.013415786924808768,-2.2604147573378524,-0.19076046033454871,0,0,0,0
sample_42_00295,-0.1627989966326071,2.0959987502254394,-1.4571379129195563,-0.3906776025991957,1.7058526805445642,2,1,3,1
sample_42_00296,0.44997834134654807,0.5633130735164247,0.11458443702387822,0.32994353865726456,0.777609530278536,2,0,0,1
sample_42_00297,-0.8094863188927663,0.8780585789081998,-1.3730030168855392,0.3283679728315381,0.17874096328632716,1,3,0,1
sample_42_00298,-0.6162930881921079,-0.022685275325646737,-0.6225401526655531,-1.0717013268617444,-0.35361474161364437,0,0,1,0
sample_42_00299,-1.1039886353716615,0.3227974640932481,-1.1500854941523635,0.7119770229910514,-1.18147906792882,3,2,1,1
sample_42_00300,-0.5662949155810063,-0.624603408215179,1.3251467288748389,0.33028994561659186,-0.21173380254439425,0,1,2,0
sample_42_00301,0.4987194410697233,-2.107192347329688,-0.043133589640907445,1.9975141778047627,0.13234650640267256,1,2,3,1
sample_42_00302,0.0679131691693355,0.5481283796421961,0.8956052433143455,-1.9974666928898597,-1.6823264817910268,0,1,0,0
sample_42_00303,0.21029129108614655,-0.7148765618975097,1.3120252622199142,-0.3151743898852239,-1.9345307357131178,2,1,1,0
sample_42_00304,-1.268013916843997,-2.7496760196305754,-0.23412553728291255,-0.18838412726438336,-0.42446270978189776,0,0,1,0
sample_42_00305,1.0788790390297387,1.1985198365166936,-0.1703884233561112,-2.134693667476856,0.6172815804922585,2,0,0,0
sample_42_00306,0.5553602285085755,0.309391570156945,0.9814797493081158,-1.16482809646104,2.008755386185139,1,2,1,0
sample_42_00307,-0.959427753141868,0.7492229272008546,-1.6873476944133516,-0.9302646872700508,1.5163686467253361,1,0,2,1
sample_42_00308,-0.2608998230008499,0.8399226051327979,0.2369553887192461,-0.10495815600017268,1.3638503249326897,3,3,2,0
sample_42_00309,-0.23665882465190033,-1.7807381075634705,-0.8032400919517051,0.5511917287016942,0.39550910636250813,2,1,0,1
sample_42_00310,-1.5670582502354382,-0.724342519408201,-0.5817213492022466,-0.365469594114225,-1.3759135886015514,1,2,2,0
sample_42_00311,-0.6283711081194786,-0.7286104852595274,0.7715332597619193,0.8091213109902438,-0.145810458088816,3,3,0,0
sample_42_00312,-0.3920397958707315,0.1399243120391134,-0.8165751074555749,-1.146832082167441,-0.9402212089257169,0,1,3,1
sample_42_00313,-0.6348131639714567,-1.163473799792271,0.16205955906287475,0.7297156737837084,-1.5870983007982418,3,0,0,0
sample_42_00314,0.02512871121603335,-0.21993579526633558,0.3415086855368029,-0.012938768103588062,-1.4535992799316308,2,2,3,1
sample_42_00315,-1.2623892988571654,0.029423575584972723,1.0287809197455093,-2.214187371043003,0.34572657980157995,3,0,0,0
sample_42_00316,1.1896220052876432,-0.1530258762062131,0.5502024960264408,-0.7030690808978022,-0.11936619927687682,2,2,3,1
sample_42_00317,-1.6209135183081516,-2.344343308418874,0.9427658012252752,-0.9849949277244419,-0.4555278450034305,2,2,1,0
sample_42_00318,-1.3864422532701932,-1.4099697030838758,-0.17383770009461635,-0.7295771941356465,0.37797099799469847,0,3,3,0
sample_42_00319,0.4525384189795919,0.32084964632460716,0.2386007909284437,1.5777682049318862,-1.067593769044886,0,2,1,1
sample_42_00320,-0.05493486620291775,1.1326898205195888,1.2645398093380364,-1.4217636493445729,-0.3123554416558699,1,3,3,0
sample_42_00321,1.3581210958672605,0.5080791051990653,0.19526303147977275,-0.21768469343465674,-0.38380092570774543,0,1,3,1
sample_42_00322,0.2882190630903242,-0.25237412498448336,-0.04257862104444418,0.07859870611503737,-0.6780715284934992,3,0,3,1
sample_42_00323,0.5321293738814383,2.9142446484154196,-1.7769866393260751,0.3240125241899799,-0.7601900886189056,1,2,0,1
sample_42_00324,0.57740257751925,0.04655747332786092,0.7618547740424635,1.1755065765087795,0.19242111776818133,2,2,2,1
sample_42_00325,1.1320522884141782,-2.3442978937886774,1.5904522979160232,0.3750621518923401,1.0778433557451819,3,3,3,1
sample_42_00326,-1.2198757448415216,-0.8307698816053357,0.14593829414477413,-0.017037889337463016,0.2830685880099896,2,3,2,0
sample_42_00327,1.0845151609299661,-1.7652203153028492,0.9738190717173091,0.008281909957927018,-0.20378186112454774,2,2,3,1
sample_42_00328,-1.4711152343848903,0.503048668376865,-2.414107851031037,0.6483940112387127,-1.492105835472992,0,2,1,1
sample_42_00329,0.053457912617474034,-0.11916883732792043,1.1695381472938837,-0.17865516901389017,-0.6941385611456656,3,0,2,0
sample_42_00330,-0.506602695971203,1.2728827687546636,0.5362969691808936,-0.3856299815231613,-0.23644641996451343,0,3,3,0
sample_42_00331,-1.567177090585447,0.388474200851541,-1.7598157076954657,0.7517964658354561,0.12862159249126584,0,3,1,1
sample_42_00332,2.3869517995739225,-1.1001355537243058,-0.10266209104063294,1.7982877009230627,1.1913896402914144,3,2,0,1
sample_42_00333,-0.6962120515798997,0.22396742837344774,0.001999356415087233,0.2819558673941572,-0.6986804359848298,0,1,0,0
sample_42_00334,-0.08932040270073452,-1.5980523752767137,0.13512345186808206,0.45002067342183205,-0.227419412643884,0,3,3,0
sample_42_00335,-1.6150508905847878,0.9885318628514624,0.3645250379928023,-0.7260150977009768,-0.28060044683806395,1,0,0,0
sample_42_00336,-1.5006694027818388,-1.0254101277779044,-0.5378113463571395,1.2284208122801512,-0.6395033908874757,3,1,0,0
sample_42_00337,0.6402136593287587,-0.5383162028615798,0.24794756085187486,-0.14139550214380217,0.8730566000927434,1,1,2,1
sample_42_00338,-0.5348113382185579,-1.572528250002441,-1.3819490313636327,-0.5318774939427574,-1.2490599706780527,1,3,2,1
sample_42_00339,0.4102120156795513,-0.4657681648580778,2.3746065500264315,-1.737714595137132,0.20363317870980122,3,1,2,0
sample_42_00340,-1.127953023505669,-0.4934013403826786,0.14141947334054417,-2.325371374874287,0.23682611678802748,1,2,2,0
sample_42_00341,1.9029074622741677,-0.45343829836859284,0.2598078568055095,1.0249216931253993,-0.16395350002699655,1,3,3,1
sample_42_00342,-0.5809601885314832,-2.2757364037217522,0.6409907193949733,-0.11316840972889723,-1.0126838513881617,3,0,2,0
sample_42_00343,0.12659671027769356,-0.5836803568061814,-0.5284261311155256,0.6062911561087082,-1.3383824113238445,0,0,3,1
sample_42_00344,1.0473152860737585,-1.3976861631184037,-0.6627014083552638,1.9229461940665773,1.1273547616424222,0,3,1,1
sample_42_00345,0.09760399249544019,-0.9405302155012165,-0.5292723066998932,0.0732753145856964,0.03752323233959842,1,0,2,0
sample_42_00346,-0.09087092962596285,-0.03083251408418433,-0.2143751097051141,-1.4419787356400129,-0.5165107421608328,2,1,3,0
sample_42_00347,0.9146240539868465,-1.3683342975511175,-0.18955551153927852,-0.819753928770844,0.11135042939811132,1,2,1,1
sample_42_00348,-0.38863318106681816,1.477393664974669,0.5065831541902538,-1.3118031657772113,0.6712280116136986,2,0,1,0
sample_42_00349,-0.774651856262063,-0.5769963713775336,0.3138190201071218,-0.49174741973013475,0.8928558163229553,2,2,1,0
sample_42_00350,-0.7745100615133954,-0.6189465525913632,-0.6563708935481088,-0.5656387483550389,1.099191555547813,2,2,1,0
sample_42_00351,0.6287962936103031,1.709943954012071,2.2676442038992546,-1.0307170319323398,0.07041912732728889,0,2,3,0
sample_42_00352,-1.176200316643433,-0.7776059277482671,-0.6300825102556694,-1.0571548741382744,-1.0518872728984137,3,2,3,0
sample_42_00353,-0.14428437852025486,-1.216718418386407,0.8421269591376328,-0.9177535374175142,2.809568970096392,3,2,0,0
sample_42_00354,-0.45138445096439517,0.07201764191705222,-1.2953411844660352,1.7060917581276394,1.1195006808029162,2,2,1,1
sample_42_00355,0.29691587073611253,-1.3468025487795656,0.21066687772462028,-1.121431046017255,1.4623552634733608,3,3,1,0
sample_42_00356,0.8091947318531727,0.09543903848773612,-2.4363756632473224,-0.9834159786590306,0.6877611315998724,1,0,0,1
sample_42_00357,1.2128836917231558,1.1091698114921316,-1.5920130022414554,0.30155230681290407,1.0155152164829295,1,1,1,1
sample_42_00358,-1.6583355655822452,-0.007904515373236347,0.27384239830845625,-0.3007645848467349,-1.8521618554012016,0,1,2,0
sample_42_00359,-0.3256981100737287,-0.327305430255024,-0.1480724045477542,-0.5634714254250696,-0.4430121532414673,1,2,1,0
sample_42_00360,-0.0397062823469779,0.4424546049697111,-0.3044267628566672,-0.4096489283680019,0.09235403825445808,2,2,3,0
sample_42_00361,-1.9209159258951816,0.4770351272264581,-0.0005630971229588082,0.039693526597561826,0.960734307594464,0,3,1,0
sample_42_00362,-1.9528155300482481,-1.9738338698589637,0.27380384532351953,-0.007116855128515773,0.17017694319193222,0,2,0,0
sample_42_00363,-0.46212707517244556,0.6643536742399312,0.93263884299112,0.48398229395152703,-0.26082845840458313,0,3,0,0
sample_42_00364,-2.107689387614403,0.7692362080371281,1.2217286662175928,0.64455841198398,-0.8796424273675065,2,0,0,0
sample_42_00365,0.6737943936677578,0.8605297079614455,1.5588162477990857,-0.8761099242279576,-0.22645458454413847,0,0,1,0
sample_42_00366,0.7472720511434552,0.05741007143815779,-1.1173276020512748,0.414616285026703,0.5786616338151667,1,0,1,1
sample_42_00367,0.08796289633100199,0.21958492717994416,-0.25870590168573016,1.4782789357160593,-0.9006921837126766,1,2,3,1
sample_42_00368,-0.5873207627637789,0.010985513527525621,0.8789540277008926,-1.4973731700945367,-1.3102967497654392,2,3,0,0
sample_42_00369,-2.037728507734718,0.03269522525327079,-1.1183058172065439,-0.3845501100179167,0.661378189891708,0,3,1,0
sample_42_00370,-0.6415427207828466,0.23128202274336457,-0.29933790775172203,0.6721143150964368,0.4751280673480088,3,1,0,0
sample_42_00371,-0.69193369617461,-0.16865175340045263,1.0437433977204944,0.393376870254097,-1.3969620577511315,3,2,3,0
sample_42_00372,0.6556180611713827,-1.0846106224362382,1.412513069961006,1.024098839841025,0.2898854759184008,1,0,2,1
sample_42_00373,0.1572328434361934,-0.20903225602742,0.6785239514000281,-0.37077816946206166,0.23556987063989387,0,2,1,1
sample_42_00374,0.8719343665194511,-0.5618065435255897,-0.6161927399906946,-1.194365480724459,-1.0644727461261723,3,3,1,1
sample_42_00375,-1.8283953114415024,0.7298287890155296,1.8089145420827708,1.4253289434703056,-1.6260844886265164,3,0,0,0
sample_42_00376,0.7248546715562,1.4221063499235564,-0.456809980738664,0.10144743065004946,-2.0078930508046704,3,2,1,1
sample_42_00377,0.2667361679766415,-1.0635597294347174,0.19963501791151453,-1.5612029221888803,0.5428582244775959,0,1,2,0
sample_42_00378,1.0245126754266898,-0.7831798617151676,-1.1369225814104345,-2.156023042549981,-0.26641353407517704,3,3,1,1
sample_42_00379,-0.5815939342816051,-1.5510194123480547,0.45301875631217164,-0.44997038186464916,-1.0757359586452324,1,0,0,0
sample_42_00380,-0.5545724056404471,1.0713045389296156,0.6029369437552222,-0.13002606149848983,0.6191050184648526,1,2,0,0
sample_42_00381,-1.160911956386739,0.03237010072703053,0.14732233048647056,-0.4698365084987269,0.43545833595741784,1,2,3,0
sample_42_00382,-0.7804334546444512,0.5098207077761179,0.5518587715312919,-2.917159880697066,1.1903057035101177,3,1,1,0
sample_42_00383,-3.047632565352754,-0.6160490255561253,1.025348034257755,-0.31728672525244067,-1.466185982469542,3,2,1,0
sample_42_00384,-1.0937370617166706,1.0269057463206197,-1.9215045305486382,1.1289911009620173,-0.05510209904228934,2,0,1,1
sample_42_00385,-1.1923953304424335,-0.5831150723026911,-1.0172243411016413,0.8662252008585286,0.7324278097628383,1,3,0,0
sample_42_00386,-1.7191611338760466,-0.4035921185193341,-0.8631856623442771,1.2935099684593703,-1.350099118126421,3,1,0,0
sample_42_00387,1.604229104685014,-0.033294739516937566,-1.1619344063800876,-0.6772741840092779,-0.8016188407684506,2,2,0,1
sample_42_00388,-1.274618402015506,0.09482685973037566,-1.2279155506918433,-2.1803662087381888,-0.3796764708481731,0,0,1,0
sample_42_00389,-1.8028561964178826,-0.7521608680675204,-0.9091028886033559,-0.8712160720258142,2.0009631015901537,0,2,0,0
sample_42_00390,0.05641156716957076,0.24537100899533215,-1.7763982963422946,-0.6539631336369219,0.21530262994151197,3,3,2,1
sample_42_00391,-1.0245289129130064,0.9080628435179854,-1.2026965859010301,-0.2863661358651756,-0.5860516399755586,3,3,0,0
sample_42_00392,0.16432065938191598,-0.640490071855426,-0.27089362707093734,-0.23613009177798555,-0.734387757391301,1,3,1,1
sample_42_00393,0.48509386849711267,0.23838837483742528,-0.0886139452531673,-0.4304583334619581,0.796544030519997,2,3,3,1
sample_42_00394,-0.23583424381418136,-0.3066972878259372,0.10469002988812601,1.6965866829708507,-1.340356208021204,1,1,0,1
sample_42_00395,0.7698568930553547,-1.893171161238105,0.21727315822862395,1.5750828276087308,0.48866852446730713,1,1,1,1
sample_42_00396,0.1706250785397928,-0.5604494688030756,0.03104720048855424,-0.2520628154033563,-0.7859766079313554,1,3,3,1
sample_42_00397,-0.28987561547486984,0.19838116062643954,-0.7672170685306403,-0.8062818206846841,-1.3602434375921744,2,0,1,1
sample_42_00398,0.3907250260888961,0.5453232619670604,0.23166044423651747,0.9651704927286658,0.08786763708072752,2,0,1,1
sample_42_00399,0.3920109373657567,0.30383742563756283,-0.09154001941820787,-0.5308218281296473,2.214152615791911,2,3,3,0
sample_42_00400,-0.4519509798535085,-0.6658777111204364,0.43400982345010697,0.25185441529500513,-1.4047915476103274,1,1,1,0
sample_42_00401,1.1226782545637386,-0.09419457535083331,-1.1109310952157205,1.188784114353874,0.625675571596154,2,1,1,1
sample_42_00402,-1.2645419919479142,1.7771828402577243,0.6587973683661927,-0.010196115625046132,1.5902188056217794,0,1,0,0
sample_42_00403,0.15929778382964058,-0.02808307510403198,-0.660300116021989,0.5818504393070786,0.4766029673239799,2,3,3,1
sample_42_00404,0.014680139889711287,-0.789986353867603,0.12992985416607386,-0.06979878576213788,-1.333474318734201,1,3,3,1
sample_42_00405,-1.4718123513241856,0.5651533788097695,-2.601888315051689,0.20541052696125997,-0.4780830577538245,1,3,1,1
sample_42_00406,1.3082466068799101,-0.49346820915387574,0.659484214251896,-0.3969138412377916,0.11374815348614345,3,1,1,1
sample_42_00407,0.7368365309200512,-0.46255571632458015,0.996554884498404,-0.9936978771064832,0.2945928425583791,0,3,1,1
sample_42_00408,0.9226397227878528,0.6600374917903349,1.9164448767354103,-0.7634393173106605,-1.379149251348588,3,0,2,0
sample_42_00409,-0.9943351084951194,0.660442566548437,0.4979229342693786,0.10225665964741577,-1.12295704910713,1,1,0,0
sample_42_00410,0.7668672933290608,-1.2247047776505404,1.1589495823768998,2.857438423139865,0.3664511465715505,0,1,1,1
sample_42_00411,0.5831081356577431,-0.4928597688955594,-1.8102133210868163,-0.6027193630302223,-1.0928952410987494,3,1,0,1
sample_42_00412,-1.4470045764150157,1.7223599419956492,0.272862518025773,0.37968758061398367,-0.30902236519624954,1,2,1,0
sample_42_00413,-0.17287108244343635,0.9645506822393334,-0.03233711869521544,0.5306939380247327,-0.19600429784501586,3,1,2,1
sample_42_00414,-0.3421528907320472,-1.406914165601862,-1.977749062367128,-0.2615619010664018,0.05649669199323269,0,0,3,1
sample_42_00415,-1.286130036708791,-0.03447486503463288,0.053752562990502024,-2.156008006059379,-0.9151246594795012,1,1,2,0
sample_42_00416,0.4072638937354685,0.3870587293957439,-1.1536749163997606,0.15844805049973495,1.0224072253604721,0,2,1,1
sample_42_00417,0.7770729589908982,-0.09528578701393456,-0.4679763133242924,-0.6293444843345044,0.4678197829096571,0,1,1,1
sample_42_00418,0.19510397314288802,0.6294040061022004,0.13187381312115198,0.8187639503474419,0.09459253295770016,0,2,2,1
sample_42_00419,0.7846887161316864,0.8708227703666389,-0.8045266302248135,-1.808144046870746,1.5434928560145533,1,3,2,1
sample_42_00420,0.2566587307122617,-1.7144858954961215,-0.7138194972187111,0.7718742923698284,-0.279676831132893,3,0,3,1
sample_42_00421,-0.5120614193191271,1.4008818603129667,-1.0472871463838105,-0.7981533577548339,0.21138647504826755,1,2,3,0
sample_42_00422,0.39045493205388226,0.4963430343407315,0.9112380445689469,0.19857862068151685,0.48938393893840915,1,1,0,0
sample_42_00423,-0.2592092593150832,0.06269830323671424,0.10753418005363442,0.21509813581903608,0.7725398075827608,2,3,1,0
sample_42_00424,0.555145681944831,0.0442170029001831,-0.8091259849410398,0.06767125806270954,-0.028017784895743934,0,1,1,1
sample_42_00425,0.19318157981319836,2.206525307140402,-0.5237727785412354,0.42228901912535954,1.0684620672442982,3,0,1,1
sample_42_00426,0.09800191409938289,2.337845119172165,-0.3780392917314767,0.32408922232004705,-0.798805744892982,2,0,3,1
sample_42_00427,-0.35152473514329313,0.2489339103966579,0.8463040623077297,0.3190948340235742,1.259114849334736,3,1,2,1
sample_42_00428,-0.09496531059267174,-0.33216852983900536,2.7039851072793866,0.39423764944203077,-0.7194815459785476,3,2,0,0
sample_42_00429,-0.6942637622480688,-0.9426799145313405,0.9365693558567879,-0.36437729289324183,0.12736247565648562,0,1,0,0
sample_42_00430,-0.06350867443826871,0.7314924079409346,-0.8467440928840201,-1.0755722861430155,0.22429730718159427,1,2,2,0
sample_42_00431,0.600959284699897,0.33253231309764075,-0.8094537290973276,0.6774848420913938,-0.7438609270956342,0,0,0,1
sample_42_00432,-0.5215386447863833,-0.9439535247220022,1.3011583486520308,0.6334215410273492,0.6049933756788733,1,3,1,0
sample_42_00433,1.2472114211424503,2.8126492482387233,-1.7092261039101555,-0.7383765808771081,-0.6161750841745238,1,2,0,1
sample_42_00434,-0.8508196223826928,-1.0775832476037126,-0.2996530640553656,-1.216603715289405,0.3350423675374132,0,0,2,0
sample_42_00435,0.051698321428614635,0.4810286647636553,0.5077284516382525,0.6030068534266765,-0.3734089368238823,1,2,2,1
sample_42_00436,2.1211434026336673,0.23443111648209775,-1.862484752624795,-1.0023757457662175,-1.7405029890278156,1,3,3,1
sample_42_00437,0.01733462915130733,-0.12180522405333363,-0.4684256978994578,2.010926112400514,0.5489828740769108,0,3,0,1
sample_42_00438,0.7260983614463344,-0.9310734879421032,-0.9991448913310123,0.03680549909695475,0.17300713965222583,0,2,0,1
sample_42_00439,-1.856311567114457,-0.18030702284953407,0.014072082873504806,-0.21514916577112894,-0.8133904123466764,1,0,1,0
sample_42_00440,-0.53953518192114,-0.17685919357279603,0.09080002361004777,0.604791582550568,1.0808562049508712,3,3,0,0
sample_42_00441,-0.2943477235272498,-0.45615619611535785,0.43765567353430623,0.6108449164108543,-0.4342004332588856,2,1,1,0
sample_42_00442,0.7903934769661722,0.9795853411559731,1.291686465658673,1.7783209067198225,-0.8664161386594389,2,3,1,1
sample_42_00443,0.01389820933251119,0.011277696618660139,-0.0980735685325076,-0.6492629196101362,-1.4855620032310715,0,3,3,1
sample_42_00444,0.0926794460290038,-0.7683556595479125,0.085993480747625,-0.7940435416988534,-1.0996583458443414,1,2,3,0
sample_42_00445,0.2342983603768977,0.15092152680649595,0.579281971320933,2.1858637664176253,0.2772895312108468,2,1,3,1
sample_42_00446,0.4850817670641296,-1.0775613288673254,-1.2869074405363745,1.5828294467733337,-0.9234797799333037,3,2,0,1
sample_42_00447,-1.043944071468642,-0.03909892121655298,-0.09019241337738836,-0.9025065064432917,-0.3049732187131,1,2,1,0
sample_42_00448,1.2293757176501043,-0.8059936088317976,-1.3936724843661716,0.9425936208997923,0.4922969119380367,2,2,0,1
sample_42_00449,-0.6205186206486616,-1.582167016126918,-0.7446233564385631,-0.05470443684927131,1.165672089883819,2,2,0,1
sample_42_00450,-1.036581974869657,-0.08451988151147344,0.675144659894898,-2.3812673401219207,1.0337861679388998,2,2,0,0
sample_42_00451,-1.1824505722064373,0.3319954934569346,0.24668314961074406,1.084586391463845,0.5509243808935403,2,1,1,0
sample_42_00452,-2.377290491729981,-0.7847792471559913,0.13820512935328008,-0.19497988611978695,0.47761072975677044,2,0,0,0
sample_42_00453,0.7893665556697054,0.6084517364296791,-0.21427494255446522,-1.8463370111204804,-0.4554812488548173,1,3,0,1
sample_42_00454,0.4163681481389552,-1.0904472525504776,0.6312747301215763,0.9083932972673044,0.12686697629584257,3,0,1,1
sample_42_00455,-3.063779866312396,-1.2780883627118034,1.8861891585560817,-0.546537793028378,-1.984143223128996,1,1,0,0
sample_42_00456,1.2352473883102724,0.013355591543672855,1.1049404889577255,0.2769586752193653,0.4585591362121688,3,1,3,1
sample_42_00457,0.3630092477145166,0.697488311921,2.2774304485560983,0.9710063359591881,-1.580339317845535,2,2,1,0
sample_42_00458,0.4466615152789034,1.1414807681032177,1.202700806536146,-0.42660498305909955,1.1649444451881277,2,3,3,0
sample_42_00459,0.9277423995512052,2.57251743696973,-0.7500017362485115,-0.5074005764004252,-0.3061190484599539,3,0,2,1
sample_42_00460,-0.4902221500387753,-0.890020749763603,-2.762675505673743,-0.4346994737231341,0.36935805969990443,1,3,3,1
sample_42_00461,-0.4932218455059107,1.9353811835291097,0.013375812715862578,1.2910290551841355,0.26142041272996835,3,0,1,0
sample_42_00462,0.826407309893258,0.27924155393356226,1.3687846319035628,0.05593935013240072,0.4961207080887857,2,2,1,0
sample_42_00463,0.3663329336500437,-0.2882854581273188,0.4049823189246768,2.234386246197682,-0.270396942095442,0,0,2,1
sample_42_00464,0.4194648928532483,1.2577789508694428,1.1402532809442802,0.011716417719365251,-2.3833887029573617,1,1,3,0
sample_42_00465,0.5167028186484662,-2.2194742586230527,1.469937230941231,0.16947387119326057,0.999674019871989,0,3,1,0
sample_42_00466,-0.9021111381810512,-1.5525074733000543,0.2607543841411672,-0.03360343995614198,-0.4915408261571657,3,3,2,0
sample_42_00467,0.08466128073276377,2.76743589203226,0.8345255473690577,1.049498605863319,0.8439368915533556,1,0,0,1
sample_42_00468,1.4794621438521929,-0.1900716729007449,-2.0547613076752937,-0.1885861330060098,0.8117357099965018,3,0,1,1
sample_42_00469,-0.9698003951150737,-0.17636595048933035,-0.6917697430023131,1.5020292518431304,0.7494570154065637,1,2,3,0
sample_42_00470,0.651540620643959,0.6216013131209713,-0.037249252552126945,0.1975562825275035,-1.1851845805323176,2,3,2,1
sample_42_00471,-2.1864419787505676,0.15008113034502407,0.3239902562721444,1.2092645684253776,1.5713358160823676,1,0,0,0
sample_42_00472,1.5699984849989468,-0.9980235932938778,-0.3522650349497693,0.48033429588137955,2.5319046777421774,1,0,1,1
sample_42_00473,1.480099203713916,1.1193971619983802,-0.3877879555492906,-0.8831996311551246,0.7889078833832395,1,1,3,1
sample_42_00474,-1.10066126423436,-0.23843635098030264,-0.11477794900192263,1.592912089122808,-0.35469730295967755,3,2,0,1
sample_42_00475,-2.4392496385726155,0.5044446476624683,-0.6990218531039264,0.042631024437746814,-0.08670470084212364,1,2,2,0
sample_42_00476,-0.2737039958177683,0.7903405817847039,-1.5328648783527072,-0.5170142249543602,0.6840379131173813,1,1,1,1
sample_42_00477,-0.6140847753443682,-1.6088067092699718,0.6685553432567358,1.123094630441539,-0.04499520764300634,2,0,2,0
sample_42_00478,-1.9608455984695325,0.7059697466988162,-1.659887881419688,0.3087992768481657,-0.8874638247421598,0,2,3,0
sample_42_00479,-1.1598392857669653,-0.4419100170796902,-0.18329755642725984,-0.6442082503864482,0.5887032782151507,2,1,3,0
sample_42_00480,-0.44606937845883377,0.980190871671822,0.28117316564347944,-0.697557206596308,-0.8659398838322859,2,1,0,0
sample_42_00481,-1.6474962990474387,0.2907331778668224,-0.3545875472513581,-2.3721955280635143,-0.5357148727694001,0,0,0,0
sample_42_00482,-0.901034029254952,1.5756775921706603,-1.7027786118933097,-1.4413507997340538,1.1099696431056998,2,2,3,0
sample_42_00483,1.3567631574639631,-0.7449829387256415,-0.6320858228089109,0.6162353965533128,-2.32709979694531,2,3,2,1
sample_42_00484,-1.8611936845055561,-0.28073340085071186,1.549890566129126,-0.4357300881667396,0.10093679173515462,1,2,1,0
sample_42_00485,1.133789272564012,2.106884733278146,-0.5768484731483126,-0.016836723733426057,1.8220552213428425,1,1,2,1
sample_42_00486,-1.5221992751914284,1.0275810705538218,-1.0183155323612583,0.10247236710315673,-0.24261904740027426,1,2,3,0
sample_42_00487,-0.9580116007012293,-0.9831019276582751,0.2764143642537545,0.9955393281626821,-0.1297362031885032,1,1,1,0
sample_42_00488,0.07011315873321637,0.5711740662910472,-0.9716187730129598,0.739692508412923,0.819343097059747,3,0,3,1
sample_42_00489,2.60362629875041,-0.3761041905595823,-0.4580818016681276,0.7689658715737455,0.8191041689121383,1,3,3,1
sample_42_00490,-0.535087153376712,-0.40316267693004887,0.5411308382180404,-0.8275842407346614,-0.4105339880150149,3,3,0,0
sample_42_00491,0.08959276736843465,0.9959386848222581,-0.6045986161795408,-1.842384462030672,-1.916597467518211,2,0,1,0
sample_42_00492,-1.2594130667061334,-1.3131677181999373,-0.15461075861990903,-1.188880153597605,-0.7027549598212041,0,2,2,0
sample_42_00493,-0.7740858849820498,-0.4405078608479934,1.3225043315231224,0.6619475894305167,0.016129415276003874,2,0,1,0
sample_42_00494,-0.4610262805808381,-0.4332326566230212,0.3277464699519495,0.5841690733522902,-0.9076175061006004,2,3,3,0
sample_42_00495,0.03648075561423148,-2.031619568663027,0.21171378417059702,0.762149241958686,-0.2800686268808754,0,1,0,1
sample_42_00496,1.8165269961401054,-0.8812384474360504,0.21744041530326128,-0.035824746665955476,-0.10029766744340833,3,0,3,1
sample_42_00497,-0.11432216800474763,0.10710503000947168,0.8479587434636998,1.3777362362747443,-0.0022502445041573905,0,0,3,0
sample_42_00498,0.8153160721716332,-0.7017669462667825,0.765955452726233,-0.7619915238269903,1.0906599360881322,1,1,2,0
sample_42_00499,2.2106408773932396,-0.12208388797139179,-2.1925434908074086,-0.548072933244823,1.2318751342893033,1,2,1,1
sample_42_00500,0.5530767870252449,0.24891359867502955,1.008668355954839,0.484453439248422,1.2177251874511363,1,1,0,1
sample_42_00501,0.9194236766469855,1.5217004527369589,0.35879608390625434,0.9052594014939547,-0.3071270730857854,1,2,0,1
sample_42_00502,-0.6014608115590059,1.7067676404189733,0.21620467632268803,0.804880565862379,0.12374001441139017,0,2,1,0
sample_42_00503,-0.5865156509199643,0.010982892582401323,1.4359940177677142,0.555240074279424,-1.711473159730459,0,2,3,0
sample_42_00504,-0.2152444565761547,1.782293792704712,-0.21379686184995605,-1.8004786917341806,1.8930488854225436,0,0,1,0
sample_42_00505,0.6823925098127926,-0.0700128588128004,-0.37141773608206863,1.0823519297917354,-0.5419834002261925,2,0,3,1
sample_42_00506,1.1482564245159883,0.542195285724256,0.24468192548734993,0.14551480533559535,-0.17496803671417813,1,0,3,1
sample_42_00507,1.0456401202092658,-0.8653428321018342,-1.6219251268302093,0.6144401228924746,0.6312383280671477,0,0,3,1
sample_42_00508,0.4802411525117667,0.4077283696180388,-0.32054037833754784,0.7874827043855253,-0.04555812675454088,2,1,2,1
sample_42_00509,-0.4871135608151781,-0.3118913122553999,2.020639698775832,-1.7349760820454327,0.49978810429579884,2,2,0,0
sample_42_00510,-1.6791104276237172,-0.10823333832297323,-0.4336274851541877,-2.085028296679878,0.389037590433763,2,1,3,0
sample_42_00511,-0.3800380621921959,-2.099206342561244,0.8395680907742521,1.435006177988935,1.490124342296572,2,0,3,0
sample_42_00512,0.35895644065147114,0.04605813857711549,1.328156620895797,1.6823835853400984,1.133568702875625,1,1,3,1
sample_42_00513,-0.9415376022298011,0.2013448532149219,0.4395161442914286,-1.8096169689172292,0.4693606596207741,3,3,2,0
sample_42_00514,2.272991825979389,0.6399361658007914,1.4734130814417563,0.18291473012870507,-0.07321832398382148,3,0,2,1
sample_42_00515,0.3812713900809755,-0.8158266479844326,-0.9637751872343886,1.2663045571693656,1.3723423428665182,1,1,0,1
sample_42_00516,-0.9911063155873504,0.9679988045538644,-0.08695997560602091,0.33980857449043056,0.4602186394350634,0,1,3,0
sample_42_00517,0.9943504681243184,0.08271820186318887,1.410161995301936,0.30941283975992473,0.6241842724695326,2,1,1,0
sample_42_00518,-0.8332625915372465,2.158659010704834,0.4698249232049664,0.7129974253450992,-1.6081858112115415,2,0,2,0
sample_42_00519,-0.822702023079101,1.2378836879187305,0.2868911182926047,-1.913779734828926,1.038289928983819,2,0,2,0
sample_42_00520,-0.5437828043527234,1.411316985876712,-0.08783567860369966,0.20470668602052994,1.1789545785916484,2,2,1,0
sample_42_00521,-0.8974929708546623,-0.9928468078339396,-0.19649842039810733,0.8271727996212221,-1.3308772526134907,2,3,0,0
sample_42_00522,-1.6680345998890966,0.8237209270437923,-0.6029783125670037,-0.3922260129202831,-1.8568104019401659,2,2,1,0
sample_42_00523,-0.6789793143519821,-0.007567296631150636,0.9303778576228922,-0.7712301662346388,1.6573761202324966,1,3,1,0
sample_42_00524,-0.6845560241798007,-0.6830918015851747,1.5373575518978022,0.21146015236391716,-0.5520247290115766,2,0,3,0
sample_42_00525,-0.15513313118059344,1.3530735775420593,1.4662028196256818,-0.816793179270256,-0.042433810079108215,2,3,2,0
sample_42_00526,0.09015682766757308,-0.9862401105165975,-0.05568505264999431,0.005322860451700487,1.1402094789367356,1,1,2,1
sample_42_00527,1.207425028311201,-0.32920939835900803,-0.21395314386081168,0.6642923020556356,-0.5851884489270115,3,0,3,1
sample_42_00528,0.5886401517374027,-0.08790648736921473,-0.9693985777386207,-0.9568367128796466,1.447058696031102,3,0,0,1
sample_42_00529,-0.1564214791432986,1.640354093898311,-0.5136362607149101,0.2912052011314934,2.3926767230182415,2,3,1,1
sample_42_00530,-1.0573867446632792,-1.8978144998997766,1.2865901312872332,-0.8268091053930736,-0.020706364106233777,2,3,1,0
sample_42_00531,-0.5859182104515849,0.2681627809553161,-0.9505362071857422,-0.1799400878833061,0.4498153265565342,0,3,1,0
sample_42_00532,-1.008308886274262,-0.7000840296458889,-0.3473828335985318,-1.4288154342262782,-0.4225609827987464,1,1,2,0
sample_42_00533,0.11879653990290184,-0.39954894158842846,-0.27137649293172456,-0.019901670906585355,-0.655743462432314,1,2,2,1
sample_42_00534,0.6910625658668772,1.4359781248017758,-0.46438039219544847,0.4851982314777071,-0.23961715543464693,0,1,0,1
sample_42_00535,0.3654873450385047,1.5657795312032543,0.5086595430180988,-1.7734145388096807,0.4539956314469589,0,3,2,0
sample_42_00536,1.2328637433090093,-0.2215961699981027,0.9956348061178324,-0.690115541151946,-1.4855391595222738,2,3,2,1
sample_42_00537,0.14116901883264016,-1.7564767207463141,-0.23977101289359176,1.286842262645503,-1.9097629057462808,3,2,1,1
sample_42_00538,-1.2794967959138979,-1.0320322451615775,-0.06331985971095996,-0.36571678564620924,1.3991363816960873,2,1,3,0
sample_42_00539,0.9543483290916974,0.49527294606859795,0.14563031434388482,0.3932297769848273,-0.861982355313375,0,3,3,1
sample_42_00540,0.8572103535566122,-1.112044254359201,0.8353769939022309,1.186142502118831,0.2108646020880872,0,2,3,0
sample_42_00541,-0.17621305896197587,0.4003099083096733,-2.861518370100673,0.30225821848546125,-0.11335399783980703,2,1,3,1
sample_42_00542,-0.05062811305699102,0.7065325128978275,-0.07476892156472781,-1.140206856651158,-0.14140267082537805,2,0,0,0
sample_42_00543,0.06755548408082447,0.11493391158101274,0.16191936728506806,1.0393690449185533,-1.0860345530341475,2,1,0,1
sample_42_00544,0.17570045616484992,1.289929698618241,-1.7346114969371953,0.17964668078005355,-0.5853785019730434,3,0,0,1
sample_42_00545,-0.37071038447310495,-0.904807503214422,-0.16955071570044408,1.8412556144269043,-1.2644303611772136,1,0,1,1
sample_42_00546,-1.1696100024788274,-1.3019345701635046,1.727418286628101,-0.46233970552128695,-0.025639060347674214,3,3,3,0
sample_42_00547,-0.4027829411062397,-0.9444228784030915,-0.2351506466144354,2.45824360573656,1.392070920974255,1,0,3,1
sample_42_00548,-0.8529378177922723,0.6475741030616857,-0.8315227726663764,-1.7763676388462208,1.0195109176646295,1,2,0,0
sample_42_00549,1.1600928466435507,1.0460522510478993,-0.46986524921957273,-0.16677573400198623,0.7497655536581233,2,2,3,1
sample_42_00550,0.3914960373481072,-0.3936374712970443,-1.6190718201181646,0.11387519414201226,1.0790096392361133,0,1,3,1
sample_42_00551,-1.1975882890341571,0.638759381675977,0.33154169513369264,0.7501482632323336,0.8719754997190072,1,2,0,0
sample_42_00552,-0.694465241925353,-1.616959400164946,-0.5335195256828793,0.8891273175270074,-0.542003903525971,2,1,2,1
sample_42_00553,-0.6940433238576419,-1.8213503419246384,1.752647554550939,0.8257136414253099,0.7698959812747644,3,2,1,0
sample_42_00554,0.9677253867794737,0.5767083615434017,-0.24432885517952907,-0.16376410412220166,-0.4275643645921248,0,1,3,1
sample_42_00555,2.634740754415,0.5559120312994426,-0.46380044135143456,0.4654967741662798,-1.0108689178563175,0,2,1,1
sample_42_00556,1.504506718589227,-0.6610690958071401,0.5010854326224657,1.0659776297431345,0.3847685442049928,1,2,1,1
sample_42_00557,0.09446999181963821,0.010802084856015158,-0.056441096887107134,-0.5766984889275022,-0.44948342976970423,1,2,3,0
sample_42_00558,1.479590373650935,-0.10853663268515668,-0.7857962693827731,-0.5162975968615086,1.100370680697223,3,2,2,1
sample_42_00559,0.6756066331644784,0.5603291782322569,-0.25752119890979147,0.5733624701729451,-0.643561124950648,3,1,1,1
sample_42_00560,-0.25961403134577454,0.9698044873917454,0.8742776789190644,-0.9819098459508032,-0.8555264529085758,1,2,2,0
sample_42_00561,0.10870215281340967,1.7261323746695099,-1.9155651644689942,0.27833293957050426,-1.3760433315731482,0,3,1,1
sample_42_00562,-0.6343309935255456,-0.3644284180642414,-0.4205083434368909,-0.5337959396592085,0.007207060376370152,3,2,3,0
sample_42_00563,-0.5352555666305784,-1.4624573848541527,0.7798696125227764,0.7528721671488805,0.843174310022669,2,2,0,0
sample_42_00564,-1.5407344962640819,0.29891815258415083,0.6759788558069234,-1.031202068439585,0.009173248182129144,1,3,1,0
sample_42_00565,-0.11626664531036575,1.8421506585682637,1.924496037012573,-1.6643563933302008,2.4939270057279894,0,0,2,0
sample_42_00566,-0.9152257211533239,0.9806732943274258,0.9704979808637308,-0.9956902268418067,0.493267793839099,2,3,3,0
sample_42_00567,-0.10753374426606396,0.5543300046323907,0.2306723023806257,1.196339485370247,0.07539954314606226,2,2,3,0
sample_42_00568,-0.16787406942631122,1.0960642330571804,0.5803959648586033,0.7318133943208879,-0.6645866722585968,0,2,1,1
sample_42_00569,-1.045262781398474,-0.5677221432527015,-0.6208213856805886,0.7861992686529143,0.9759840502940518,3,3,2,0
sample_42_00570,-0.15513028953240038,1.4309190188243524,1.3684693937651298,0.24339891640053923,-0.82189177154304,2,2,2,0
sample_42_00571,1.5753766494355401,-0.06101735102840823,0.1261651964309746,-0.33960502560656863,-0.8897903262971976,0,1,2,1
sample_42_00572,-1.4686394303152919,0.6328683235572881,-0.7834010538966204,3.0595312289968235,-1.086073582612479,2,0,3,1
sample_42_00573,-1.25738247498137,0.5101387156134412,1.5293134789672953,0.06458965694322165,0.5722424201872743,3,2,0,0
sample_42_00574,-1.8435474174587096,-0.6775115456917667,-1.073615729137567,-1.895045849947881,0.11698023402388695,3,0,1,0
sample_42_00575,-2.2428276216104335,-1.3221959660874487,-0.537193794013418,-0.8312858359510763,0.3964085022070677,3,2,0,0
sample_42_00576,0.30558019190248,0.8937987459354568,0.7523837327126781,1.1408127893613809,-0.0019184000090541567,0,1,2,1
sample_42_00577,0.3034669008166697,0.5115137019191913,0.1416566973910257,-0.3971943099170739,-0.3324425343397702,2,0,0,1
sample_42_00578,-0.8175583983299655,0.4216168299098296,-0.09401517408515554,-0.6631737506367649,-0.6622448193245927,2,0,0,0
sample_42_00579,-1.2103987277827886,0.9788413412371997,0.07861766953178756,-0.8628000195732701,0.8085477496020183,1,2,0,0
sample_42_00580,-0.560448809794373,-1.4065006270122327,1.021222289219133,-0.5370969895661131,-0.4088990902087895,0,0,1,0
sample_42_00581,0.04118002034917748,1.1425892227901149,0.020037290866311695,-1.1991171261452302,0.5438770041121802,0,0,1,0
sample_42_00582,-0.48498972426172404,1.8879239715294662,-0.0011197219978901704,-2.235035497898666,0.357364972155674,0,1,2,0
sample_42_00583,1.9445977922602284,1.5759202885453896,1.8309542887565653,-1.0197601853814635,0.9121523959767788,0,2,2,0
sample_42_00584,-0.7219945397367117,0.2242893994169245,-1.2729524287397325,-0.6444557648827163,-0.6762466973636153,2,2,3,1
sample_42_00585,0.8985552801426162,0.8007191216696554,0.2768197293308208,-1.3504214180553855,-0.31163943394972,0,0,1,1
sample_42_00586,-0.746116482942726,0.869675756694491,1.1781848528171845,1.056385586030883,-0.7552194194170205,2,3,3,0
sample_42_00587,-2.739533122289479,-1.7669618981300543,1.4216269780822084,-0.4012549393198239,-0.7507246182651125,2,1,1,0
sample_42_00588,1.642660293436234,1.2651599454883269,0.02444872191978665,-0.2934030910639739,-0.13210121281312523,0,1,2,1
sample_42_00589,0.22716279838746606,1.600047281319608,0.4224674242372267,0.7260290330391413,1.1692701090701714,0,3,3,1
sample_42_00590,-1.169676001024419,0.7548618924740429,-0.29456875466161137,-2.516095195772766,-2.128169541985812,1,3,0,0
sample_42_00591,-1.0181176115186856,0.5312232285925814,0.11379956534029644,0.184366707175664,1.950943482686692,3,3,0,0
sample_42_00592,-1.2690896148598123,-0.027433354183723595,0.3044355228138156,-0.7362731165383355,0.028326745082940964,2,1,3,0
sample_42_00593,-1.599949334084345,1.4099062172750279,-0.6816145525304338,2.031400164778503,-0.03247432391745505,0,0,1,0
sample_42_00594,1.0280535653991831,-0.05330286899115438,-0.03074383226052982,-0.5840293332220078,0.11912392936627762,0,1,2,1
sample_42_00595,0.31799869441404743,-0.7842585089151799,-0.1250444158598842,-0.6100988660571137,2.2996640696148387,2,2,0,1
sample_42_00596,-0.08973076991161853,1.5452321516965593,-0.19562233080768832,0.25928764153490796,-1.3213640716452693,0,3,1,1
sample_42_00597,-0.44707259186786463,0.21053467078924676,1.5860038309598667,0.22198277767627117,1.3837203611929991,0,1,0,0
sample_42_00598,0.6407291102029202,1.6274013394646858,-0.059042217305055426,2.390222710651804,-0.485396202914123,1,3,1,1
sample_42_00599,-0.766461834197669,-1.2100528496890341,2.3310246715580702,0.8194475726178976,-0.33412073338030845,2,1,1,0
sample_42_00600,1.249022696873495,0.687692185117782,1.9661274713755903,-1.5478328327399113,-0.26536010831425455,2,2,1,0
sample_42_00601,-0.46252138394282544,-1.9736826764086015,1.060327204779694,-0.2703965558033584,0.7396312049865622,0,3,0,0
sample_42_00602,2.3597719343296117,-0.3532436918276083,-0.4211529826571552,0.11866416972399602,0.9872473529834096,3,1,3,1
sample_42_00603,-0.5667130253101499,-0.6309615971321306,1.0571892702413659,0.37863932383803556,-2.0447282630048207,1,2,2,0
sample_42_00604,-1.2253917994691081,1.5012358638272103,0.4019282830788125,-0.762195931037249,-0.17040965723498214,1,0,2,0
sample_42_00605,0.013236672801670204,0.7357333602801638,-1.3582633948587894,-0.8409491386704581,0.27295575486338886,2,1,3,1
sample_42_00606,-0.09983458049545033,0.5718591826367099,-1.2295073973595978,0.3571286762713211,1.0915836193774722,2,0,3,1
sample_42_00607,0.4868185471492834,0.13911173976159188,-0.09588360256597088,-0.8348511527715018,-0.07199859243978847,0,2,1,1
sample_42_00608,1.259705852880406,-0.11902850660012523,-0.8898039893484101,-0.4922470887653863,0.20085029727593015,2,3,2,1
sample_42_00609,-0.37351399718084694,0.4853032830631407,0.5228437607490304,0.8889831804046482,1.4235594722650329,2,3,2,1
sample_42_00610,0.9958587243723608,-0.9342390641479599,-0.9035344465762722,-0.07577147645982442,-0.4511753572394145,3,1,0,1
sample_42_00611,-1.1383267269609427,-0.44169179417299426,-0.474512933619039,-0.6718477397612058,-0.3157894861550056,0,2,2,0
sample_42_00612,1.178450850318331,0.19923804124923924,2.4718090760554694,0.17050818601964934,-0.29006577393725175,0,0,3,0
sample_42_00613,0.004132882654866092,0.25649197844354,0.43525395717106363,2.0767113258590237,-0.8453204649775686,2,3,0,1
sample_42_00614,0.8590460581777356,0.20775059761412384,-1.5710977425706176,0.7706987820947633,1.2676235608039048,0,1,3,1
sample_42_00615,-0.8571764037774298,-0.008933867891970693,-1.7253542620077036,-1.2588064596843365,1.0480295776172526,2,3,1,0
sample_42_00616,-0.4664165060074345,-1.1088029749380393,0.22946036445842968,-0.5224124314310232,-0.4708216577755361,1,2,3,0
sample_42_00617,0.7393260256749032,-1.1617333589343466,-0.9053652126818322,0.15407999214886864,0.9694097907482053,1,2,3,1
sample_42_00618,1.2381603014898497,-0.665061720361623,0.9373769669196479,-0.7841422934704089,1.8262093469068,1,3,2,1
sample_42_00619,-1.1337710254197284,1.328478810791731,-0.6564861068187239,2.0132464547946003,0.5913207288524843,3,1,2,1
sample_42_00620,-1.016016529408222,-0.5222384795425068,0.7811812052237417,1.0526444176155614,-0.07071559172446261,1,2,1,0
sample_42_00621,0.044658280963466405,0.7583530326440655,0.13179842701081995,-1.2935048593383758,-0.8129740246401806,2,3,1,0
sample_42_00622,0.23511994315166507,1.2154824164976936,1.6159824241620477,0.7795294207714503,0.28729076103636375,1,1,2,0
sample_42_00623,0.748813885982477,-0.6667508502068556,-0.15323096025821417,-0.8241307213394766,-1.2487426107077115,2,2,0,1
sample_42_00624,0.33354901163620493,0.1855133065847436,0.6876524845090128,0.5461118308924472,0.24264427132386202,0,0,3,1
sample_42_00625,0.5566166656775543,-0.04268309622747663,0.4128913952224006,-0.7261444026863596,0.3697059256391301,3,0,0,0
sample_42_00626,0.6684176852860094,-0.6696814280722031,0.05183209899284673,-0.6236025096293596,-0.5265066965161149,3,2,1,1
sample_42_00627,-1.1249293551021546,1.2657749251665555,1.0656851747200478,0.5374338542273371,1.972195951943814,2,0,0,0
sample_42_00628,-0.18924569656839169,3.0317624151106344,-0.22752941536322038,0.25519335175601643,-0.39777791394020817,1,3,3,0
sample_42_00629,0.372325560060305,0.8356149278862445,-0.11391639305308393,1.7767198471176207,0.23914928463346072,0,2,3,1
sample_42_00630,0.2704853861101991,-0.9089976945137175,0.4184990745503845,-0.1340272208093656,-0.6082397293372869,3,3,0,1
sample_42_00631,-0.7764744081483639,2.671763379756685,-0.2634772501790354,-1.4569854207812678,-0.6982214597325725,0,0,0,0
sample_42_00632,-0.051567839476213594,0.546667032616485,0.5547965217253135,0.6766145517765254,-0.6448603066373296,0,1,2,0
sample_42_00633,0.34044044350154545,-0.8760594641105784,-0.6196429830140117,-0.9177089745002595,-1.1883888545982695,1,1,0,0
sample_42_00634,1.0642094888580087,0.6886117009788877,0.9766653699781299,0.03931306602429631,0.7768076988651466,0,3,2,1
sample_42_00635,-1.761289404642545,0.8630875180453551,0.1771198300050302,0.6271096001491656,0.38002329904861315,0,3,3,0
sample_42_00636,-0.9870551545368866,-1.4980397753910466,-0.7120541661829632,0.5649172812729122,0.6900914151753954,3,0,2,0
sample_42_00637,-1.3679422773818628,-0.9810993674682146,-0.7232356859408393,-0.3573050602668157,-1.3620508308526522,3,3,0,0
sample_42_00638,-1.4220517661401326,-0.8218352964075539,0.08625383622500567,-1.1805943397534906,-0.11580350997176611,3,1,1,0
sample_42_00639,1.0585528161418154,-1.30177973741351,-0.20644575841053947,1.0247567337507726,-0.4182683903638093,2,3,0,1
sample_42_00640,-0.5736696908584189,1.1634958143064738,-0.30620207897154783,1.1044950252055679,0.4289653911271988,2,3,2,0
sample_42_00641,-0.34284465290983673,0.47969053059753036,0.3204495138460378,1.020882821002474,-0.5483455378650185,1,0,2,1
sample_42_00642,0.041206066781619685,-0.061515679604637406,0.7041481416397848,-1.0251791944441757,1.016977048237856,2,2,3,0
sample_42_00643,0.4663287721704166,-1.3169250736329463,1.2082628254805003,2.2340930807977313,1.0018339695494078,2,2,0,1
sample_42_00644,1.4269847672264693,0.0853713816025881,-1.66150491973851,-1.8441204511675249,0.25508204386775846,2,0,2,1
sample_42_00645,-0.59197880772998,-0.9145762783273513,-0.06274668396867535,0.6155852878612882,-1.4527575467621472,0,3,1,0
sample_42_00646,-0.4488776202803848,1.5098706831203152,-1.0752883802213746,0.8697611871649563,-0.4847307615489939,1,0,0,1
sample_42_00647,0.5457937598499527,1.0973275072028672,0.7412817669850216,0.9091596022138765,-1.1515935334079561,3,1,2,0
sample_42_00648,1.1136597067412988,-0.8526931146348199,0.2595417655715384,0.2582461869972269,0.48512255886958094,3,2,0,1
sample_42_00649,0.33695667606019053,-0.8438099785247232,-1.3498674122957162,0.8723486799617686,0.18583457751891555,1,1,1,1
sample_42_00650,1.1493768409578178,-0.04473293418786798,-1.4051643606769604,0.9661296810041061,-0.370370609661107,0,2,1,1
sample_42_00651,0.3420034574210212,-0.6474594284795192,1.6443017102336905,-0.8765648241831969,-0.33742975410617465,1,1,1,0
sample_42_00652,0.10744870269731638,-1.0921823270869582,0.33051952858759515,1.6119104774674902,-0.49046216069371046,0,1,3,1
sample_42_00653,0.3951428190317255,-2.7494353860385554,-0.03892920048484066,-0.31304228592620537,-0.8184976024103849,2,2,3,0
sample_42_00654,1.081450469628532,-0.32624368162382816,-0.17747748709358746,-0.37719287478907115,-1.9168158717650765,2,0,1,1
sample_42_00655,-1.131986440076961,0.9610934861202163,-2.109950646879972,-0.7663153496157056,-0.3997200562897638,1,1,0,1
sample_42_00656,1.7436218672915653,0.768603765496369,-0.5571705270530996,1.304513697115551,-0.7405158205011196,0,1,3,1
sample_42_00657,1.0090998037340055,-1.3588772459230156,1.0732578317891572,-0.4061336454709856,-1.0285042409412697,2,3,0,1
sample_42_00658,-0.21714361307631405,0.27734417972021486,-0.49474843052571216,0.5539535059953238,-0.5829938836640675,1,2,1,1
sample_42_00659,0.6203723939313579,0.44222206203659953,-0.06092305470793503,-0.4413823123659498,0.15154079576526616,1,1,0,1
sample_42_00660,0.5502537430336992,2.0617991527316084,0.939420421798181,0.9759899498158413,3.0885121948602836,3,3,0,0
sample_42_00661,0.5159584767678441,0.4846435113117023,0.7040150743216541,-1.0089659775882531,-0.4439016364187562,1,2,3,0
sample_42_00662,-0.506169266692334,0.6476139772195617,-0.17417456222119868,0.1382234254743028,1.0874546201484645,3,1,2,0
sample_42_00663,0.8631507387041388,-0.16172100304124704,-0.6699950968782225,1.1352747316531886,0.7738911809098658,3,3,1,1
sample_42_00664,-1.6062568182953822,-0.3131539389082808,0.1655154620167624,0.7788297171210313,0.9101014949397712,3,1,0,0
sample_42_00665,0.2839060011754735,0.585247531358856,0.06413680237815363,-0.6738516881805606,-0.261264391041254,3,3,1,0
sample_42_00666,0.018991186640108272,-0.034679250018589874,-1.8855729044434706,-0.3974833349294312,0.05620565308915186,1,1,0,1
sample_42_00667,-0.281369991905701,-0.24682379551158573,0.4879913708045874,-1.0789571870486339,-1.6280422139512112,3,0,2,0
sample_42_00668,-0.3481697908366748,0.7641144055017897,1.6875530394866385,0.78212823909474,-1.4682637598688473,0,2,3,0
sample_42_00669,-0.23236723937677117,0.2566343810815294,0.1775911169235922,0.539304552942874,-0.9170489464607607,2,2,3,0
sample_42_00670,0.06494308755074261,0.420322829776129,0.8256709533036595,-0.805718166612792,-0.345156867242898,3,3,0,0
sample_42_00671,-2.7038176800733402,-0.6214619675777742,-0.524414892971043,-1.019584508167443,0.1656121502326517,2,3,1,0
sample_42_00672,-0.05594543204526823,-2.2592138775776114,0.21550796930175647,-0.9283241307890274,0.48568895919051513,2,0,3,0
sample_42_00673,-1.2818512477286654,0.03000653853094012,-0.2831633288865059,0.30310188495033036,0.12469727765134685,2,2,3,0
sample_42_00674,-0.25516417502145444,-1.5362723140442447,-1.4772079634610316,-0.583886939092219,-0.00827988392958697,0,1,3,1
sample_42_00675,-0.608247947199117,0.6252119305794656,-0.2792209192116837,-0.9650127247795103,-0.27809629298790933,0,3,1,0
sample_42_00676,0.22585983631655238,0.3248847188245844,1.8783791319931293,-0.6689093400034194,-0.07347866159040038,2,2,2,0
sample_42_00677,0.4261239468194264,-0.023422959200815323,-0.5006181459886532,-1.5492571763442435,-0.5108345590530156,3,1,0,1
sample_42_00678,-1.073702412717801,-1.7266066811237784,-0.7956788416705864,-1.0470917207664545,0.5837865452929482,1,2,3,0
sample_42_00679,0.6010918374142937,-0.9038792895808748,-0.2602286305631211,-1.8582426621125354,-0.4943399501826941,3,1,3,0
sample_42_00680,0.3989819007023456,0.8249378896141027,-0.7130470816913138,1.0518548605275198,-1.5156919215134717,0,0,0,1
sample_42_00681,-1.2476277991437925,0.7096618656378763,1.6711212285632473,0.4934319881836954,-0.040342386534012425,3,0,2,0
sample_42_00682,-2.1951837465222086,-2.0224470560434793,0.12940953689586895,-0.35806266957117455,-1.105835182152118,3,3,3,0
sample_42_00683,0.06553258083005072,0.11513136750780958,0.9444158685402726,0.13660228301270078,1.2283943683343845,0,1,2,0
sample_42_00684,0.007994029548813363,-0.11533499480733611,1.0643121862471823,-0.9784408800414345,2.8144474532661614,2,2,2,0
sample_42_00685,0.3752574781667358,0.3808292528376731,0.5250959739725976,1.8771364753316424,0.7925074116726066,1,0,1,1
sample_42_00686,-1.6050559790039236,1.4034703847675043,-0.3408965794450173,0.10715507283932346,-1.2792539721752665,1,2,3,0
sample_42_00687,0.5262020181238957,-0.6513742900675522,0.10016963799347375,-0.284099005360783,1.9250128017358519,2,2,0,1
sample_42_00688,1.9822603001455896,0.046513170214741384,0.06397771136885474,-0.37344296634951507,1.1060062915027862,2,1,0,1
sample_42_00689,-0.32891987033337716,-0.4213372746456993,0.9785928636649645,-0.5382990953166494,-0.03775503444853058,0,3,3,0
sample_42_00690,-1.5813107815109928,0.7041903451231669,1.9408669391818687,0.7212253727997919,1.461799167547305,2,3,0,0
sample_42_00691,-0.8461021361773309,0.2363242820282007,-0.9431599243693896,-0.22776554558134285,0.7722114773525048,1,3,0,0
sample_42_00692,0.10182061310329862,-1.4126410226012216,-1.3150291055377534,-1.3811639314907738,0.4914525899395903,2,0,1,1
sample_42_00693,2.0638945356566682,1.3624582440002129,-1.8959851991460643,1.421075938069784,0.9364004170146472,1,1,3,1
sample_42_00694,-1.5452999455287577,-0.3032016167104975,1.0955224114958095,0.5504335109347853,-1.3090950523879856,3,2,2,0
sample_42_00695,0.6107421557961942,-2.1375005960805877,-0.22282217575721136,1.1379567694000488,0.018394215571319834,0,0,0,1
sample_42_00696,-0.4989375499619459,0.8893462537723492,0.9747518150865815,1.3100396928669502,0.8743424284463873,3,0,1,0
sample_42_00697,1.0813747939371465,0.7329085574375346,0.26552864911647195,0.08950899976381409,-0.237259719097402,3,2,2,1
sample_42_00698,-1.2123682930597257,-0.9553115088198088,-0.28201448193520967,0.2414521596024293,1.4408125980042632,0,2,2,0
sample_42_00699,-0.04179722787551253,1.003476290877664,1.0793156564321207,-0.231446797688791,0.5946902113701839,1,2,3,0
sample_42_00700,-0.2435280417248615,1.3221358940784769,0.6358433382659322,-1.1904837546883553,0.16152465215384673,1,1,1,0
sample_42_00701,1.6481121618238797,-0.18123103454670117,0.44771503009506813,0.5458788377391453,-1.0366228991646005,3,0,3,1
sample_42_00702,0.5107079492135139,-1.3938351520346257,-0.6256241064013961,1.075722967494192,0.356756290308358,3,1,2,1
sample_42_00703,-0.304477807746527,0.44646102124518744,-0.060092247755131445,0.012578502351833248,0.6568185267201376,3,3,1,0
sample_42_00704,-0.7273677406591319,0.040336405554690695,-0.3122681946066529,-1.5856033746002556,-0.9204557562492998,0,2,0,0
sample_42_00705,1.5682064470638322,0.38472331458523407,-1.3235883014013892,-1.5403543758484106,-0.11216390011058394,0,3,1,1
sample_42_00706,1.5611865331764823,-0.18675813480435263,1.306999553404016,0.3519307708186574,0.47125045784589364,2,0,0,1
sample_42_00707,-1.3357205093045694,0.9375229217497576,-0.3349320372736072,0.8630924536109083,-0.814169981986113,0,1,0,0
sample_42_00708,0.1770493475099125,0.3520029539376315,-0.15403331657586652,0.4045451930861567,-0.26639707519250877,1,1,2,1
sample_42_00709,-0.6490597530412794,1.6054833827939645,1.0489528663614422,-0.7608647450481768,0.5684443055946129,2,1,1,0
sample_42_00710,-0.742678854701153,-1.1846846436623242,1.0338094413989762,-1.7040996256474057,0.9268559135765412,0,1,3,0
sample_42_00711,-0.2527223125730585,-0.21154660308052864,0.4097512196232897,0.5811988119942524,-0.8263431768289082,3,1,3,0
sample_42_00712,0.7177256087500634,0.1133705380252234,-1.2560547928680381,-0.1698744835797392,1.3812790155589258,2,0,3,1
sample_42_00713,1.6765947982456966,0.7173484576086773,-1.19034348816837,0.4906069024558882,0.8508609038591928,1,2,2,1
sample_42_00714,0.7257079833187221,0.7849542886879182,0.3632630792475308,-0.0724123388305437,-0.6083674959040184,1,2,2,1
sample_42_00715,-1.8979355185014963,0.33964176671335083,0.18605284365218855,0.5575758428248162,-1.3375436932928941,1,1,2,0
sample_42_00716,0.6450166893150603,2.054545094620777,0.07845013077791134,-0.06166531920654083,0.309002356085701,0,0,3,0
sample_42_00717,2.032337024710338,-1.023647761699891,0.20320693339390494,-0.7996574222976441,-0.547004720844995,1,2,2,1
sample_42_00718,-0.04959030788193934,1.3473232416135588,1.8009906006887368,0.4481421446267063,-0.3765947230234853,3,2,2,0
sample_42_00719,2.4927388666385184,-0.4275544813295202,-0.5711359143597373,-1.7749430445787269,1.3960915692447435,3,3,0,1
sample_42_00720,0.968245592371294,2.417805536116446,-1.3895233522181258,1.4581708074791095,0.07013551836612739,2,0,3,1
sample_42_00721,0.8061002168001363,-1.647777141104471,1.4680818226652972,0.7865167513318304,-0.038910034786217525,0,0,0,1
sample_42_00722,0.6451126876611214,-0.7654953010422492,-0.5794400855816993,-0.46344461362539624,-1.852727861690278,2,0,0,0
sample_42_00723,0.8617584942033671,1.1915936141825663,-0.7013441497638416,0.3482030159448188,-0.2655404746292363,2,3,2,1
sample_42_00724,0.3282739620810305,-0.6275772412110292,-0.8834251560876358,1.0520748860237426,-0.06387058512449259,1,2,2,1
sample_42_00725,2.0221089508534758,0.046309964794139964,-0.9260780403504922,1.2269408764359389,0.6308001641460198,1,2,0,1
sample_42_00726,0.7268728636964236,1.1906006788679186,-0.6527962938457945,-0.12725330898528756,-0.17144983148779322,0,2,1,1
sample_42_00727,-1.2907465369156184,-0.2635901501582435,1.3363794578768242,0.237338103793847,-1.3460613278449878,0,0,3,0
sample_42_00728,-1.555839411664935,1.6647760587482714,-0.09031901025512999,-0.6474102057016173,-0.2739917648970031,1,0,2,0
sample_42_00729,-1.477307754317332,1.4230951495116198,-0.3930529375860296,1.367401527738422,0.05165171444731515,2,1,3,0
sample_42_00730,1.4295319745684398,0.2566944990430854,0.853232662869076,0.7190930460883368,0.6232910662519707,1,2,2,1
sample_42_00731,0.3479344771827106,-0.2328507161155849,1.9154346915728602,-0.9069369850959007,0.004307642343159692,2,0,2,0
sample_42_00732,0.01488587520759545,0.4024407533435215,-0.4294726458945011,0.31474630558958777,-0.16884258520296613,2,0,0,1
sample_42_00733,-1.5819525174378992,0.009552286256846456,-1.1005653330301517,-1.734385762448901,0.13687332068938496,2,0,3,0
sample_42_00734,0.48788334201956646,0.5266980421045764,0.5671707070196942,-1.9325890209406105,-1.3610169279074695,0,3,2,0
sample_42_00735,1.9735214368136709,-1.0472087600770361,0.6108410311366891,-0.686937621665846,0.07967273926756446,1,1,1,1
sample_42_00736,-0.6332542022735941,0.5615411546196448,0.13677411731669906,-0.4482897736442336,-1.0501721196807103,2,3,0,0
sample_42_00737,0.2677741974925111,-1.21271879904259,0.4274810421208385,2.6264849090369,1.350170051262012,2,3,1,1
sample_42_00738,0.7183478868941628,-0.08560729774114767,-1.9387526270035254,-1.3222863959001843,1.2827928561027135,2,0,3,1
sample_42_00739,-0.7897560801247798,-0.6992520981640467,-0.16565047568402144,-1.0620462588465547,-1.2267687345516363,0,1,1,0
sample_42_00740,-0.050474072781421825,-0.8915294546720363,-0.7410185797788948,-0.781191026147006,0.5223602138344686,1,0,2,1
sample_42_00741,-0.23212569049535728,-0.17857196789385368,0.5969458973088833,-0.14203960823294015,-0.27825376845717287,0,3,0,0
sample_42_00742,0.47045035557017084,0.668197843557631,-0.14707349950860418,0.0806077756205216,-0.781790229733328,1,3,0,1
sample_42_00743,-0.8606830431645255,0.7691475019668077,0.4449420625446217,0.4552984384165761,0.28085434872552223,0,2,0,0
sample_42_00744,0.04620327581495357,0.6964118908227692,0.9351087610227838,0.9112280051906476,-0.10077791594598683,3,1,3,0
sample_42_00745,1.386992729908838,0.22846068173232117,0.6323761925657985,0.28208789083487973,0.2470067074841741,0,0,3,1
sample_42_00746,-0.7357519902503197,0.701350838344826,2.845294394907639,-0.3747950747900833,0.07099471542494816,3,3,1,0
sample_42_00747,-0.4462052643472624,-0.48801990156193453,1.5444494781186728,-0.6729710177274647,-0.4740804733663613,1,2,1,0
sample_42_00748,-1.5874928237313013,-0.7576117245422473,-1.7083998929533477,0.6318046992119288,2.7996972218373095,0,1,2,0
sample_42_00749,-0.36667879365052214,-1.6667579329902373,0.8999996644297332,-0.7269249589301569,1.2993469305535403,0,1,1,0
sample_42_00750,-0.2820290477899447,-0.6318156890827807,-0.17795755574568647,0.7577767609361872,-0.22742063075565644,0,0,1,1
sample_42_00751,-0.49672470279370545,-0.1988316029788718,-1.271855184500885,0.39703160229398016,-1.7867265938449102,0,1,2,1
sample_42_00752,-0.44412145436551537,0.7593852088307432,0.3030482829327168,0.5903205729863903,-0.06504567271880911,3,0,1,0
sample_42_00753,1.1697461809855167,0.924699196769792,0.44614100424767456,0.927545777313543,0.7504235544035768,0,1,1,1
sample_42_00754,-0.43946351334689027,-1.3438989116913336,0.42036212584262383,0.5460892308314287,1.0904719911385654,3,1,3,1
sample_42_00755,-0.9363212750452935,-0.9064310592771633,0.45990026630777037,-0.07116698885308664,-1.8857616105711281,0,0,0,0
sample_42_00756,0.37510816375419076,-1.8524229149889546,-0.9452565518733762,1.3516813728601071,1.8248790178071153,1,0,0,1
sample_42_00757,-1.2156563684719617,-0.3293915374126943,0.04262252307870598,1.781226927581568,-0.49286894782440155,0,3,3,0
sample_42_00758,-0.4768840230332781,1.5487255584628619,-0.374789152718258,0.7222017089664575,-1.4771429651124275,0,3,0,1
sample_42_00759,-0.17123274409232622,-1.6595968383264046,-1.0554337809557044,0.8392013551522634,-0.04990539108671263,1,1,1,1
sample_42_00760,-0.31910574055297464,-0.7487496239809176,-0.22065607324128275,0.30111316710069364,0.9829162064617618,3,2,2,1
sample_42_00761,-2.6251466840968023,-0.8317611742628097,0.15909624218900573,-0.09886311596228586,0.403376242526725,2,2,0,0
sample_42_00762,0.26754028612655384,-0.30486786299340723,-0.5268531959871771,-0.2455014897355009,1.1487423498227427,1,0,2,1
sample_42_00763,-0.7320079329057144,-0.06280672314395548,0.18334221399842102,1.560350929874458,-0.30030825823631324,1,2,2,1
sample_42_00764,0.9588066560109609,1.2319794032650222,-0.06375426499064825,-0.2107189790767625,-0.3290536720482161,1,0,3,1
sample_42_00765,-0.25582313424258235,0.8542398605768328,0.2310099772555139,0.2352897091698694,-1.125223510379835,1,0,1,0
sample_42_00766,-0.9674900773752345,2.14344682477698,-0.1778257252886896,-0.7747719955783602,1.4310991655892973,3,1,3,0
sample_42_00767,0.2818085486835521,0.5781549168645216,-0.1380470752815336,-0.31867309057680415,-0.16958637249729036,1,3,2,1
sample_42_00768,-1.3827381702986268,-0.08792740941989748,0.29603307704261733,1.8504632338437539,0.0859990650052155,0,2,1,0
sample_42_00769,-2.334177042210305,-0.09398543278462142,2.739504133108306,0.8663662349850397,-0.8108889438085887,0,2,0,0
sample_42_00770,0.5911065144305567,-0.7420134248897403,-1.3538075195468575,-0.3483693632340722,0.09152643923886121,2,3,0,1
sample_42_00771,-1.8721555024333958,-1.1491592905386359,0.010335563182354726,-0.40817317598895414,0.39481127114609077,1,2,0,0
sample_42_00772,-1.2146683273085614,0.7141137485533007,-1.183759097060195,1.64273430193763,-1.7157582843783166,1,1,0,1
sample_42_00773,-1.0925542703834126,0.4173708030318292,1.6642332514976381,0.31504303611617074,0.5628579201823911,3,1,3,0
sample_42_00774,0.01753690167305848,-1.0263984541151934,-0.4901383482393793,-1.2119097199812767,-1.2787099677768716,2,3,3,0
sample_42_00775,0.40174891931974643,-1.1231779820879617,0.3195540067233614,-1.3018227522210977,0.29638302011675466,2,1,1,0
sample_42_00776,-0.4886825689629625,1.4066155336506445,0.32371889557906497,1.2357828929941415,-0.7556467164251925,3,1,2,0
sample_42_00777,0.056143340244167284,-0.9810871581162783,-0.4136052427444181,-0.2621042227446291,-0.7258582206871392,0,3,2,1
sample_42_00778,-1.215502858845695,-1.4135173236526528,-2.339748115707397,-1.0563464635034578,0.6274938966718445,1,2,1,1
sample_42_00779,-1.598498532013283,-1.368122846253305,1.790898571232915,-0.636496049848254,0.3210460091648358,0,3,3,0
sample_42_00780,0.6423171465004947,0.6625261297812802,-1.5223142306080597,-0.23105967989949022,-1.6182272695183921,3,1,1,1
sample_42_00781,2.4463178589103234,-1.5948752640156,-1.0478402188698202,-1.0406008548415047,-1.4966604767228804,0,2,1,1
sample_42_00782,1.3525939097565454,2.422447901083496,-0.4757491193126174,-1.32042314684441,-2.236925498726021,3,3,0,1
sample_42_00783,-0.24410871852210148,-0.31636542316144384,-0.6512961263601446,0.2213752539762284,0.3951731428154863,3,0,1,1
sample_42_00784,0.32308325793790066,-0.3161248719684872,-1.101621829574262,0.6658330978067158,0.012513759421530454,1,3,2,1
sample_42_00785,0.8883575248346502,0.7900755494722314,-1.4217620690471156,-1.4342222074576032,-0.7555407187405284,3,2,3,1
sample_42_00786,-1.056265408290668,0.7552517759761007,0.35130967598791774,1.0991839937853107,0.3964868174109183,3,3,1,0
sample_42_00787,0.20864958187336902,1.1997297803441704,0.4697273397350485,0.0681009634377188,1.4804530339306854,1,3,3,0
sample_42_00788,0.11518088315279006,-0.30434060491792164,-0.8378232587776496,0.7030254590454112,1.2370505418424689,3,2,3,1
sample_42_00789,-0.05058740143343007,1.3079156237798386,-1.970015031971576,-0.0554533748079148,-0.04009491210443619,2,2,0,1
sample_42_00790,-0.726994372407347,2.383861037981873,-0.06619263268876116,-0.4077307716044333,0.02596211343350502,2,2,3,0
sample_42_00791,-2.0028137385258296,-0.7598679253449151,0.9832399694454041,-0.6289453549327747,-0.8288751628002715,3,1,1,0
sample_42_00792,1.3095256365144003,1.340254400951829,0.5169904721611418,-0.4551173340386673,-0.23947106511632352,3,3,0,1
sample_42_00793,-0.804149961574959,-0.9947731190286448,-1.0444164883084324,-0.6180544067852075,-1.034720990684745,1,3,0,1
sample_42_00794,-1.563705118543149,0.21940266975390574,0.23459558089343707,1.7007927584283167,-0.6683383683547026,3,0,0,0
sample_42_00795,0.29610058962327057,0.31271257927480167,-0.2538375611255331,0.7443335887496761,0.7752291868507144,3,2,2,1
sample_42_00796,0.32741109519753997,-0.25563970504779554,-0.35753010855453504,-1.3677538987970592,-0.8059177786176916,3,1,2,1
sample_42_00797,-0.6220075239016879,-1.123971762429434,0.43992396668766426,1.19662786898701,-0.9080624323291501,2,2,1,1
sample_42_00798,0.28344143574463715,-1.0341111395297102,-0.30492217093916213,-0.6903295791777758,0.6018956486064415,2,1,2,1
sample_42_00799,-0.6787881738421783,1.0116604137066467,-0.24572077366219902,-0.6496037095948308,-1.253305262345163,3,1,2,0
